run_number,run_name,settings_fingerprint,time_min,CV,volume_mL,uv_mAU,program_stage,flow_mL_min,percent_B,programmed_percent_B,column_percent_B,programmed_conductivity_mS_cm,column_conductivity_mS_cm,column_total_protein_g_L,stage_index,pH,salt_concentration_M,conductivity_mS_cm,ionic_strength_M,total_protein_g_L,Target protein_g_L,Target protein_uv_mAU
1,Synthetic HIC 100-to-0% B validation,48ecb9716f63dcbd4ec0b6021cd8f59fbe565bbe60968fc0e4290e934115b28b,0.0,0.0,0.0,0.0,Load,1.0,100.0,100.0,100.0,100.0,100.0,0.0,1.0,6.0,2.0,100.0,2.0,0.0,0.0,0.0
1,Synthetic HIC 100-to-0% B validation,48ecb9716f63dcbd4ec0b6021cd8f59fbe565bbe60968fc0e4290e934115b28b,0.05,0.05,0.05,0.0,Load,1.0,100.0,100.0,100.0,100.0,100.0,1.7474033183052513e-56,1.0,6.0,2.0,100.0,2.0,0.0,0.0,0.0
1,Synthetic HIC 100-to-0% B validation,48ecb9716f63dcbd4ec0b6021cd8f59fbe565bbe60968fc0e4290e934115b28b,0.1,0.1,0.1,0.0,Load,1.0,100.0,100.0,100.0,100.0,100.0,1.1919347221899836e-55,1.0,6.0,2.0,100.0,2.0,0.0,0.0,0.0
1,Synthetic HIC 100-to-0% B validation,48ecb9716f63dcbd4ec0b6021cd8f59fbe565bbe60968fc0e4290e934115b28b,0.15,0.15,0.15,0.0,Load,1.0,100.0,100.0,100.0,100.0,100.0,1.2517137371813967e-53,1.0,6.0,2.0,100.0,2.0,0.0,0.0,0.0
1,Synthetic HIC 100-to-0% B validation,48ecb9716f63dcbd4ec0b6021cd8f59fbe565bbe60968fc0e4290e934115b28b,0.2,0.2,0.2,1.747403318305254e-53,Load,1.0,100.0,100.0,100.0,100.0,100.0,2.5901930606339895e-52,1.0,6.0,2.0,100.0,2.0,1.747403318305254e-56,1.747403318305254e-56,1.747403318305254e-53
1,Synthetic HIC 100-to-0% B validation,48ecb9716f63dcbd4ec0b6021cd8f59fbe565bbe60968fc0e4290e934115b28b,0.25,0.25,0.25,1.1919347221899837e-52,Load,1.0,100.0,100.0,100.0,100.0,100.0,0.0,1.0,6.0,2.0,100.0,2.0,1.1919347221899836e-55,1.1919347221899836e-55,1.1919347221899837e-52
1,Synthetic HIC 100-to-0% B validation,48ecb9716f63dcbd4ec0b6021cd8f59fbe565bbe60968fc0e4290e934115b28b,0.3,0.3,0.3,1.2517137371813966e-50,Load,1.0,100.0,100.0,100.0,100.0,100.0,0.0,1.0,6.0,2.0,100.0,2.0,1.2517137371813967e-53,1.2517137371813967e-53,1.2517137371813966e-50
1,Synthetic HIC 100-to-0% B validation,48ecb9716f63dcbd4ec0b6021cd8f59fbe565bbe60968fc0e4290e934115b28b,0.35,0.35,0.35,2.590193060633988e-49,Load,1.0,100.0,100.0,100.0,100.0,100.0,0.0,1.0,6.0,2.0,100.0,2.0,2.590193060633988e-52,2.590193060633988e-52,2.590193060633988e-49
1,Synthetic HIC 100-to-0% B validation,48ecb9716f63dcbd4ec0b6021cd8f59fbe565bbe60968fc0e4290e934115b28b,0.4,0.4,0.4,0.0,Load,1.0,100.0,100.0,100.0,100.0,100.0,0.0,1.0,6.0,2.0,100.0,2.0,0.0,0.0,0.0
1,Synthetic HIC 100-to-0% B validation,48ecb9716f63dcbd4ec0b6021cd8f59fbe565bbe60968fc0e4290e934115b28b,0.45,0.45,0.45,0.0,Load,1.0,100.0,100.0,100.0,100.0,100.0,3.448712402411665e-52,1.0,6.0,2.0,100.0,2.0,0.0,0.0,0.0
1,Synthetic HIC 100-to-0% B validation,48ecb9716f63dcbd4ec0b6021cd8f59fbe565bbe60968fc0e4290e934115b28b,0.5,0.5,0.5,0.0,Load,1.0,100.0,100.0,100.0,100.0,100.0,0.0,1.0,6.0,2.0,100.0,2.0,0.0,0.0,0.0
1,Synthetic HIC 100-to-0% B validation,48ecb9716f63dcbd4ec0b6021cd8f59fbe565bbe60968fc0e4290e934115b28b,0.55,0.55,0.55,0.0,Load,1.0,100.0,100.0,100.0,100.0,100.0,0.0,1.0,6.0,2.0,100.0,2.0,0.0,0.0,0.0
1,Synthetic HIC 100-to-0% B validation,48ecb9716f63dcbd4ec0b6021cd8f59fbe565bbe60968fc0e4290e934115b28b,0.6,0.6,0.6,3.448712402411661e-49,Load,1.0,100.0,100.0,100.0,100.0,100.0,0.0,1.0,6.0,2.0,100.0,2.0,3.448712402411661e-52,3.448712402411661e-52,3.448712402411661e-49
1,Synthetic HIC 100-to-0% B validation,48ecb9716f63dcbd4ec0b6021cd8f59fbe565bbe60968fc0e4290e934115b28b,0.65,0.65,0.65,0.0,Load,1.0,100.0,100.0,100.0,100.0,100.0,0.0,1.0,6.0,2.0,100.0,2.0,0.0,0.0,0.0
1,Synthetic HIC 100-to-0% B validation,48ecb9716f63dcbd4ec0b6021cd8f59fbe565bbe60968fc0e4290e934115b28b,0.7,0.7,0.7,0.0,Load,1.0,100.0,100.0,100.0,100.0,100.0,0.0,1.0,6.0,2.0,100.0,2.0,0.0,0.0,0.0
1,Synthetic HIC 100-to-0% B validation,48ecb9716f63dcbd4ec0b6021cd8f59fbe565bbe60968fc0e4290e934115b28b,0.75,0.75,0.75,0.0,Load,1.0,100.0,100.0,100.0,100.0,100.0,0.0,1.0,6.0,2.0,100.0,2.0,0.0,0.0,0.0
1,Synthetic HIC 100-to-0% B validation,48ecb9716f63dcbd4ec0b6021cd8f59fbe565bbe60968fc0e4290e934115b28b,0.8,0.8,0.8,0.0,Load,1.0,100.0,100.0,100.0,100.0,100.0,0.0,1.0,6.0,2.0,100.0,2.0,0.0,0.0,0.0
1,Synthetic HIC 100-to-0% B validation,48ecb9716f63dcbd4ec0b6021cd8f59fbe565bbe60968fc0e4290e934115b28b,0.85,0.85,0.85,0.0,Load,1.0,100.0,100.0,100.0,100.0,100.0,0.0,1.0,6.0,2.0,100.0,2.0,0.0,0.0,0.0
1,Synthetic HIC 100-to-0% B validation,48ecb9716f63dcbd4ec0b6021cd8f59fbe565bbe60968fc0e4290e934115b28b,0.9,0.9,0.9,0.0,Load,1.0,100.0,100.0,100.0,100.0,100.0,0.0,1.0,6.0,2.0,100.0,2.0,0.0,0.0,0.0
1,Synthetic HIC 100-to-0% B validation,48ecb9716f63dcbd4ec0b6021cd8f59fbe565bbe60968fc0e4290e934115b28b,0.95,0.95,0.95,0.0,Load,1.0,100.0,100.0,100.0,100.0,100.0,0.0,1.0,6.0,2.0,100.0,2.0,0.0,0.0,0.0
1,Synthetic HIC 100-to-0% B validation,48ecb9716f63dcbd4ec0b6021cd8f59fbe565bbe60968fc0e4290e934115b28b,1.0,1.0,1.0,0.0,PLW 1,1.0,100.0,100.0,100.0,100.0,100.0,0.0,2.0,6.0,2.0,100.0,2.0,0.0,0.0,0.0
1,Synthetic HIC 100-to-0% B validation,48ecb9716f63dcbd4ec0b6021cd8f59fbe565bbe60968fc0e4290e934115b28b,1.05,1.05,1.05,0.0,PLW 1,1.0,100.0,100.0,100.0,100.0,100.0,0.0,2.0,6.0,2.0,100.0,2.0,0.0,0.0,0.0
1,Synthetic HIC 100-to-0% B validation,48ecb9716f63dcbd4ec0b6021cd8f59fbe565bbe60968fc0e4290e934115b28b,1.1,1.1,1.1,0.0,PLW 1,1.0,100.0,100.0,100.0,100.0,100.0,0.0,2.0,6.0,2.0,100.0,2.0,0.0,0.0,0.0
1,Synthetic HIC 100-to-0% B validation,48ecb9716f63dcbd4ec0b6021cd8f59fbe565bbe60968fc0e4290e934115b28b,1.15,1.15,1.15,0.0,PLW 1,1.0,100.0,100.0,100.0,100.0,100.0,0.0,2.0,6.0,2.0,100.0,2.0,0.0,0.0,0.0
1,Synthetic HIC 100-to-0% B validation,48ecb9716f63dcbd4ec0b6021cd8f59fbe565bbe60968fc0e4290e934115b28b,1.2,1.2,1.2,0.0,PLW 1,1.0,100.0,100.0,100.0,100.0,100.0,0.0,2.0,6.0,2.0,100.0,2.0,0.0,0.0,0.0
1,Synthetic HIC 100-to-0% B validation,48ecb9716f63dcbd4ec0b6021cd8f59fbe565bbe60968fc0e4290e934115b28b,1.25,1.25,1.25,0.0,PLW 1,1.0,100.0,100.0,100.0,100.0,100.0,0.0,2.0,6.0,2.0,100.0,2.0,0.0,0.0,0.0
1,Synthetic HIC 100-to-0% B validation,48ecb9716f63dcbd4ec0b6021cd8f59fbe565bbe60968fc0e4290e934115b28b,1.3,1.3,1.3,0.0,PLW 1,1.0,100.0,100.0,100.0,100.0,100.0,0.0,2.0,6.0,2.0,100.0,2.0,0.0,0.0,0.0
1,Synthetic HIC 100-to-0% B validation,48ecb9716f63dcbd4ec0b6021cd8f59fbe565bbe60968fc0e4290e934115b28b,1.35,1.35,1.35,0.0,PLW 1,1.0,100.0,100.0,100.0,100.0,100.0,0.0,2.0,6.0,2.0,100.0,2.0,0.0,0.0,0.0
1,Synthetic HIC 100-to-0% B validation,48ecb9716f63dcbd4ec0b6021cd8f59fbe565bbe60968fc0e4290e934115b28b,1.4,1.4,1.4,0.0,PLW 1,1.0,100.0,100.0,100.0,100.0,100.0,0.0,2.0,6.0,2.0,100.0,2.0,0.0,0.0,0.0
1,Synthetic HIC 100-to-0% B validation,48ecb9716f63dcbd4ec0b6021cd8f59fbe565bbe60968fc0e4290e934115b28b,1.45,1.45,1.45,0.0,PLW 1,1.0,100.0,100.0,100.0,100.0,100.0,0.0,2.0,6.0,2.0,100.0,2.0,0.0,0.0,0.0
1,Synthetic HIC 100-to-0% B validation,48ecb9716f63dcbd4ec0b6021cd8f59fbe565bbe60968fc0e4290e934115b28b,1.5,1.5,1.5,0.0,PLW 1,1.0,100.0,100.0,100.0,100.0,100.0,0.0,2.0,6.0,2.0,100.0,2.0,0.0,0.0,0.0
1,Synthetic HIC 100-to-0% B validation,48ecb9716f63dcbd4ec0b6021cd8f59fbe565bbe60968fc0e4290e934115b28b,1.55,1.55,1.55,0.0,PLW 1,1.0,100.0,100.0,100.0,100.0,100.0,0.0,2.0,6.0,2.0,100.0,2.0,0.0,0.0,0.0
1,Synthetic HIC 100-to-0% B validation,48ecb9716f63dcbd4ec0b6021cd8f59fbe565bbe60968fc0e4290e934115b28b,1.6,1.6,1.6,0.0,PLW 1,1.0,100.0,100.0,100.0,100.0,100.0,0.0,2.0,6.0,2.0,100.0,2.0,0.0,0.0,0.0
1,Synthetic HIC 100-to-0% B validation,48ecb9716f63dcbd4ec0b6021cd8f59fbe565bbe60968fc0e4290e934115b28b,1.65,1.65,1.65,0.0,PLW 1,1.0,100.0,100.0,100.0,100.0,100.0,0.0,2.0,6.0,2.0,100.0,2.0,0.0,0.0,0.0
1,Synthetic HIC 100-to-0% B validation,48ecb9716f63dcbd4ec0b6021cd8f59fbe565bbe60968fc0e4290e934115b28b,1.7,1.7,1.7,0.0,PLW 1,1.0,100.0,100.0,100.0,100.0,100.0,0.0,2.0,6.0,2.0,100.0,2.0,0.0,0.0,0.0
1,Synthetic HIC 100-to-0% B validation,48ecb9716f63dcbd4ec0b6021cd8f59fbe565bbe60968fc0e4290e934115b28b,1.75,1.75,1.75,0.0,PLW 1,1.0,100.0,100.0,100.0,100.0,100.0,0.0,2.0,6.0,2.0,100.0,2.0,0.0,0.0,0.0
1,Synthetic HIC 100-to-0% B validation,48ecb9716f63dcbd4ec0b6021cd8f59fbe565bbe60968fc0e4290e934115b28b,1.8,1.8,1.8,0.0,PLW 1,1.0,100.0,100.0,100.0,100.0,100.0,0.0,2.0,6.0,2.0,100.0,2.0,0.0,0.0,0.0
1,Synthetic HIC 100-to-0% B validation,48ecb9716f63dcbd4ec0b6021cd8f59fbe565bbe60968fc0e4290e934115b28b,1.85,1.85,1.85,0.0,PLW 1,1.0,100.0,100.0,100.0,100.0,100.0,0.0,2.0,6.0,2.0,100.0,2.0,0.0,0.0,0.0
1,Synthetic HIC 100-to-0% B validation,48ecb9716f63dcbd4ec0b6021cd8f59fbe565bbe60968fc0e4290e934115b28b,1.9,1.9,1.9,0.0,PLW 1,1.0,100.0,100.0,100.0,100.0,100.0,0.0,2.0,6.0,2.0,100.0,2.0,0.0,0.0,0.0
1,Synthetic HIC 100-to-0% B validation,48ecb9716f63dcbd4ec0b6021cd8f59fbe565bbe60968fc0e4290e934115b28b,1.95,1.95,1.95,0.0,PLW 1,1.0,100.0,100.0,100.0,100.0,100.0,0.0,2.0,6.0,2.0,100.0,2.0,0.0,0.0,0.0
1,Synthetic HIC 100-to-0% B validation,48ecb9716f63dcbd4ec0b6021cd8f59fbe565bbe60968fc0e4290e934115b28b,2.0,2.0,2.0,0.0,PLW 1,1.0,100.0,100.0,100.0,100.0,100.0,0.0,2.0,6.0,2.0,100.0,2.0,0.0,0.0,0.0
1,Synthetic HIC 100-to-0% B validation,48ecb9716f63dcbd4ec0b6021cd8f59fbe565bbe60968fc0e4290e934115b28b,2.05,2.05,2.05,0.0,PLW 1,1.0,100.0,100.0,100.0,100.0,100.0,0.0,2.0,6.0,2.0,100.0,2.0,0.0,0.0,0.0
1,Synthetic HIC 100-to-0% B validation,48ecb9716f63dcbd4ec0b6021cd8f59fbe565bbe60968fc0e4290e934115b28b,2.1,2.1,2.1,0.0,PLW 1,1.0,100.0,100.0,100.0,100.0,100.0,0.0,2.0,6.0,2.0,100.0,2.0,0.0,0.0,0.0
1,Synthetic HIC 100-to-0% B validation,48ecb9716f63dcbd4ec0b6021cd8f59fbe565bbe60968fc0e4290e934115b28b,2.15,2.15,2.15,0.0,PLW 1,1.0,100.0,100.0,100.0,100.0,100.0,0.0,2.0,6.0,2.0,100.0,2.0,0.0,0.0,0.0
1,Synthetic HIC 100-to-0% B validation,48ecb9716f63dcbd4ec0b6021cd8f59fbe565bbe60968fc0e4290e934115b28b,2.2,2.2,2.2,0.0,PLW 1,1.0,100.0,100.0,100.0,100.0,100.0,0.0,2.0,6.0,2.0,100.0,2.0,0.0,0.0,0.0
1,Synthetic HIC 100-to-0% B validation,48ecb9716f63dcbd4ec0b6021cd8f59fbe565bbe60968fc0e4290e934115b28b,2.25,2.25,2.25,0.0,PLW 1,1.0,100.0,100.0,100.0,100.0,100.0,0.0,2.0,6.0,2.0,100.0,2.0,0.0,0.0,0.0
1,Synthetic HIC 100-to-0% B validation,48ecb9716f63dcbd4ec0b6021cd8f59fbe565bbe60968fc0e4290e934115b28b,2.3,2.3,2.3,0.0,PLW 1,1.0,100.0,100.0,100.0,100.0,100.0,0.0,2.0,6.0,2.0,100.0,2.0,0.0,0.0,0.0
1,Synthetic HIC 100-to-0% B validation,48ecb9716f63dcbd4ec0b6021cd8f59fbe565bbe60968fc0e4290e934115b28b,2.35,2.35,2.35,0.0,PLW 1,1.0,100.0,100.0,100.0,100.0,100.0,0.0,2.0,6.0,2.0,100.0,2.0,0.0,0.0,0.0
1,Synthetic HIC 100-to-0% B validation,48ecb9716f63dcbd4ec0b6021cd8f59fbe565bbe60968fc0e4290e934115b28b,2.4,2.4,2.4,0.0,PLW 1,1.0,100.0,100.0,100.0,100.0,100.0,0.0,2.0,6.0,2.0,100.0,2.0,0.0,0.0,0.0
1,Synthetic HIC 100-to-0% B validation,48ecb9716f63dcbd4ec0b6021cd8f59fbe565bbe60968fc0e4290e934115b28b,2.45,2.45,2.45,0.0,PLW 1,1.0,100.0,100.0,100.0,100.0,100.0,0.0,2.0,6.0,2.0,100.0,2.0,0.0,0.0,0.0
1,Synthetic HIC 100-to-0% B validation,48ecb9716f63dcbd4ec0b6021cd8f59fbe565bbe60968fc0e4290e934115b28b,2.5,2.5,2.5,0.0,PLW 1,1.0,100.0,100.0,100.0,100.0,100.0,0.0,2.0,6.0,2.0,100.0,2.0,0.0,0.0,0.0
1,Synthetic HIC 100-to-0% B validation,48ecb9716f63dcbd4ec0b6021cd8f59fbe565bbe60968fc0e4290e934115b28b,2.55,2.55,2.55,0.0,PLW 1,1.0,100.0,100.0,100.0,100.0,100.0,0.0,2.0,6.0,2.0,100.0,2.0,0.0,0.0,0.0
1,Synthetic HIC 100-to-0% B validation,48ecb9716f63dcbd4ec0b6021cd8f59fbe565bbe60968fc0e4290e934115b28b,2.6,2.6,2.6,0.0,PLW 1,1.0,100.0,100.0,100.0,100.0,100.0,0.0,2.0,6.0,2.0,100.0,2.0,0.0,0.0,0.0
1,Synthetic HIC 100-to-0% B validation,48ecb9716f63dcbd4ec0b6021cd8f59fbe565bbe60968fc0e4290e934115b28b,2.65,2.65,2.65,0.0,PLW 1,1.0,100.0,100.0,100.0,100.0,100.0,0.0,2.0,6.0,2.0,100.0,2.0,0.0,0.0,0.0
1,Synthetic HIC 100-to-0% B validation,48ecb9716f63dcbd4ec0b6021cd8f59fbe565bbe60968fc0e4290e934115b28b,2.7,2.7,2.7,0.0,PLW 1,1.0,100.0,100.0,100.0,100.0,100.0,0.0,2.0,6.0,2.0,100.0,2.0,0.0,0.0,0.0
1,Synthetic HIC 100-to-0% B validation,48ecb9716f63dcbd4ec0b6021cd8f59fbe565bbe60968fc0e4290e934115b28b,2.75,2.75,2.75,0.0,PLW 1,1.0,100.0,100.0,100.0,100.0,100.0,0.0,2.0,6.0,2.0,100.0,2.0,0.0,0.0,0.0
1,Synthetic HIC 100-to-0% B validation,48ecb9716f63dcbd4ec0b6021cd8f59fbe565bbe60968fc0e4290e934115b28b,2.8,2.8,2.8,0.0,PLW 1,1.0,100.0,100.0,100.0,100.0,100.0,0.0,2.0,6.0,2.0,100.0,2.0,0.0,0.0,0.0
1,Synthetic HIC 100-to-0% B validation,48ecb9716f63dcbd4ec0b6021cd8f59fbe565bbe60968fc0e4290e934115b28b,2.85,2.85,2.85,0.0,PLW 1,1.0,100.0,100.0,100.0,100.0,100.0,0.0,2.0,6.0,2.0,100.0,2.0,0.0,0.0,0.0
1,Synthetic HIC 100-to-0% B validation,48ecb9716f63dcbd4ec0b6021cd8f59fbe565bbe60968fc0e4290e934115b28b,2.9,2.9,2.9,0.0,PLW 1,1.0,100.0,100.0,100.0,100.0,100.0,0.0,2.0,6.0,2.0,100.0,2.0,0.0,0.0,0.0
1,Synthetic HIC 100-to-0% B validation,48ecb9716f63dcbd4ec0b6021cd8f59fbe565bbe60968fc0e4290e934115b28b,2.95,2.95,2.95,0.0,PLW 1,1.0,100.0,100.0,100.0,100.0,100.0,0.0,2.0,6.0,2.0,100.0,2.0,0.0,0.0,0.0
1,Synthetic HIC 100-to-0% B validation,48ecb9716f63dcbd4ec0b6021cd8f59fbe565bbe60968fc0e4290e934115b28b,3.0,3.0,3.0,0.0,Elution 1,1.0,100.0,100.0,100.0,100.0,100.0,0.0,3.0,6.0,2.0,100.0,2.0,0.0,0.0,0.0
1,Synthetic HIC 100-to-0% B validation,48ecb9716f63dcbd4ec0b6021cd8f59fbe565bbe60968fc0e4290e934115b28b,3.05,3.05,3.05,0.0,Elution 1,1.0,99.375,99.375,99.99999999999997,99.375,99.99999999999997,0.0,3.0,6.0,1.9999999999999996,100.0,1.9999999999999996,0.0,0.0,0.0
1,Synthetic HIC 100-to-0% B validation,48ecb9716f63dcbd4ec0b6021cd8f59fbe565bbe60968fc0e4290e934115b28b,3.1,3.1,3.1,0.0,Elution 1,1.0,98.75,98.75,99.9999999999998,98.75,99.9999999999998,0.0,3.0,6.0,1.999999999999996,100.0,1.9999999999999964,0.0,0.0,0.0
1,Synthetic HIC 100-to-0% B validation,48ecb9716f63dcbd4ec0b6021cd8f59fbe565bbe60968fc0e4290e934115b28b,3.15,3.15,3.15,0.0,Elution 1,1.0,98.125,98.125,99.99999999999757,98.125,99.99999999999757,0.0,3.0,6.0,1.9999999999999514,100.0,1.999999999999952,0.0,0.0,0.0
1,Synthetic HIC 100-to-0% B validation,48ecb9716f63dcbd4ec0b6021cd8f59fbe565bbe60968fc0e4290e934115b28b,3.2,3.2,3.2,0.0,Elution 1,1.0,97.5,97.5,99.99999999996278,97.5,99.99999999996278,0.0,3.0,6.0,1.9999999999992557,100.0,1.999999999999256,0.0,0.0,0.0
1,Synthetic HIC 100-to-0% B validation,48ecb9716f63dcbd4ec0b6021cd8f59fbe565bbe60968fc0e4290e934115b28b,3.25,3.25,3.25,0.0,Elution 1,1.0,96.875,96.875,99.9999999999581,96.875,99.9999999999581,0.0,3.0,6.0,1.9999999999991622,100.0,1.9999999999991624,0.0,0.0,0.0
1,Synthetic HIC 100-to-0% B validation,48ecb9716f63dcbd4ec0b6021cd8f59fbe565bbe60968fc0e4290e934115b28b,3.3,3.3,3.3,0.0,Elution 1,1.0,96.25,96.25,100.00000000058212,96.25,100.00000000058212,0.0,3.0,6.0,2.0000000000116422,100.0,2.000000000011642,0.0,0.0,0.0
1,Synthetic HIC 100-to-0% B validation,48ecb9716f63dcbd4ec0b6021cd8f59fbe565bbe60968fc0e4290e934115b28b,3.35,3.35,3.35,0.0,Elution 1,1.0,95.625,95.625,100.00000001681589,95.625,100.00000001681589,0.0,3.0,6.0,2.0000000003363176,99.99999999999997,2.0000000003363088,0.0,0.0,0.0
1,Synthetic HIC 100-to-0% B validation,48ecb9716f63dcbd4ec0b6021cd8f59fbe565bbe60968fc0e4290e934115b28b,3.4,3.4,3.4,0.0,Elution 1,1.0,95.0,95.0,100.00000004860328,95.0,100.00000004860328,0.0,3.0,6.0,2.0000000009720655,99.9999999999998,2.000000000972036,0.0,0.0,0.0
1,Synthetic HIC 100-to-0% B validation,48ecb9716f63dcbd4ec0b6021cd8f59fbe565bbe60968fc0e4290e934115b28b,3.45,3.45,3.45,0.0,Elution 1,1.0,94.375,94.375,100.00000007426402,94.375,100.00000007426402,0.0,3.0,6.0,2.0000000014852803,99.99999999999757,2.0000000014853563,0.0,0.0,0.0
1,Synthetic HIC 100-to-0% B validation,48ecb9716f63dcbd4ec0b6021cd8f59fbe565bbe60968fc0e4290e934115b28b,3.5,3.5,3.5,0.0,Elution 1,1.0,93.75,93.75,100.00000008583918,93.75,100.00000008583918,0.0,3.0,6.0,2.0000000017167836,99.99999999996278,2.000000001716958,0.0,0.0,0.0
1,Synthetic HIC 100-to-0% B validation,48ecb9716f63dcbd4ec0b6021cd8f59fbe565bbe60968fc0e4290e934115b28b,3.55,3.55,3.55,0.0,Elution 1,1.0,93.125,93.125,100.00000007931845,93.125,100.00000007931845,0.0,3.0,6.0,2.0000000015863693,99.9999999999581,2.0000000015865207,0.0,0.0,0.0
1,Synthetic HIC 100-to-0% B validation,48ecb9716f63dcbd4ec0b6021cd8f59fbe565bbe60968fc0e4290e934115b28b,3.6,3.6,3.6,0.0,Elution 1,1.0,92.5,92.5,99.99999921229012,92.5,99.99999921229012,0.0,3.0,6.0,1.9999999842458025,100.00000000058212,1.9999999842458966,0.0,0.0,0.0
1,Synthetic HIC 100-to-0% B validation,48ecb9716f63dcbd4ec0b6021cd8f59fbe565bbe60968fc0e4290e934115b28b,3.65,3.65,3.65,0.0,Elution 1,1.0,91.875,91.875,99.99987732189845,91.875,99.99987732189845,0.0,3.0,6.0,1.9999975464379691,100.00000001681589,1.9999975464381001,0.0,0.0,0.0
1,Synthetic HIC 100-to-0% B validation,48ecb9716f63dcbd4ec0b6021cd8f59fbe565bbe60968fc0e4290e934115b28b,3.7,3.7,3.7,0.0,Elution 1,1.0,91.25,91.25,99.98089630364858,91.25,99.98089630364858,0.0,3.0,6.0,1.9996179260729716,100.00000004860328,1.9996179260720737,0.0,0.0,0.0
1,Synthetic HIC 100-to-0% B validation,48ecb9716f63dcbd4ec0b6021cd8f59fbe565bbe60968fc0e4290e934115b28b,3.75,3.75,3.75,0.0,Elution 1,1.0,90.625,90.625,99.86299617809954,90.625,99.86299617809954,0.0,3.0,6.0,1.9972599235619908,100.00000007426402,1.9972599235633681,0.0,0.0,0.0
1,Synthetic HIC 100-to-0% B validation,48ecb9716f63dcbd4ec0b6021cd8f59fbe565bbe60968fc0e4290e934115b28b,3.8,3.8,3.8,0.0,Elution 1,1.0,90.0,90.0,99.63821148329019,90.0,99.63821148329019,0.0,3.0,6.0,1.992764229665804,100.00000008583918,1.9927642296667971,0.0,0.0,0.0
1,Synthetic HIC 100-to-0% B validation,48ecb9716f63dcbd4ec0b6021cd8f59fbe565bbe60968fc0e4290e934115b28b,3.85,3.85,3.85,0.0,Elution 1,1.0,89.375,89.375,99.3178936066588,89.375,99.3178936066588,0.0,3.0,6.0,1.986357872133176,100.00000007931845,1.986357872133021,0.0,0.0,0.0
1,Synthetic HIC 100-to-0% B validation,48ecb9716f63dcbd4ec0b6021cd8f59fbe565bbe60968fc0e4290e934115b28b,3.9,3.9,3.9,0.0,Elution 1,1.0,88.75,88.75,98.9170822583167,88.75,98.9170822583167,0.0,3.0,6.0,1.978341645166334,99.99999921229012,1.9783416451653206,0.0,0.0,0.0
1,Synthetic HIC 100-to-0% B validation,48ecb9716f63dcbd4ec0b6021cd8f59fbe565bbe60968fc0e4290e934115b28b,3.95,3.95,3.95,0.0,Elution 1,1.0,88.125,88.125,98.45119273635754,88.125,98.45119273635754,0.0,3.0,6.0,1.9690238547271508,99.99987732189845,1.9690238547259613,0.0,0.0,0.0
1,Synthetic HIC 100-to-0% B validation,48ecb9716f63dcbd4ec0b6021cd8f59fbe565bbe60968fc0e4290e934115b28b,4.0,4.0,4.0,0.0,Elution 1,1.0,87.5,87.5,97.9349605552625,87.5,97.9349605552625,0.0,3.0,6.0,1.9586992111052501,99.98089630364858,1.9586992111043076,0.0,0.0,0.0
1,Synthetic HIC 100-to-0% B validation,48ecb9716f63dcbd4ec0b6021cd8f59fbe565bbe60968fc0e4290e934115b28b,4.05,4.05,4.05,0.0,Elution 1,1.0,86.875,86.875,97.38162303911878,86.875,97.38162303911878,0.0,3.0,6.0,1.9476324607823756,99.86299617809954,1.947632460781678,0.0,0.0,0.0
1,Synthetic HIC 100-to-0% B validation,48ecb9716f63dcbd4ec0b6021cd8f59fbe565bbe60968fc0e4290e934115b28b,4.1,4.1,4.1,0.0,Elution 1,1.0,86.25,86.25,96.80230940345221,86.25,96.80230940345221,0.0,3.0,6.0,1.9360461880690443,99.63821148329019,1.9360461880685986,0.0,0.0,0.0
1,Synthetic HIC 100-to-0% B validation,48ecb9716f63dcbd4ec0b6021cd8f59fbe565bbe60968fc0e4290e934115b28b,4.15,4.15,4.15,0.0,Elution 1,1.0,85.625,85.625,96.20571407720645,85.625,96.20571407720645,0.0,3.0,6.0,1.924114281544129,99.3178936066588,1.9241142815440366,0.0,0.0,0.0
1,Synthetic HIC 100-to-0% B validation,48ecb9716f63dcbd4ec0b6021cd8f59fbe565bbe60968fc0e4290e934115b28b,4.2,4.2,4.2,0.0,Elution 1,1.0,85.0,85.0,95.59808683003622,85.0,95.59808683003622,0.0,3.0,6.0,1.9119617366007244,98.9170822583167,1.9119617366009605,0.0,0.0,0.0
1,Synthetic HIC 100-to-0% B validation,48ecb9716f63dcbd4ec0b6021cd8f59fbe565bbe60968fc0e4290e934115b28b,4.25,4.25,4.25,0.0,Elution 1,1.0,84.375,84.375,94.9836252834017,84.375,94.9836252834017,0.0,3.0,6.0,1.899672505668034,98.45119273635754,1.8996725056683748,0.0,0.0,0.0
1,Synthetic HIC 100-to-0% B validation,48ecb9716f63dcbd4ec0b6021cd8f59fbe565bbe60968fc0e4290e934115b28b,4.3,4.3,4.3,0.0,Elution 1,1.0,83.75,83.75,94.36500200835746,83.75,94.36500200835746,0.0,3.0,6.0,1.8873000401671494,97.9349605552625,1.8873000401673388,0.0,0.0,0.0
1,Synthetic HIC 100-to-0% B validation,48ecb9716f63dcbd4ec0b6021cd8f59fbe565bbe60968fc0e4290e934115b28b,4.35,4.35,4.35,0.0,Elution 1,1.0,83.125,83.125,93.74387595031153,83.125,93.74387595031153,0.0,3.0,6.0,1.8748775190062308,97.38162303911878,1.8748775190061984,0.0,0.0,0.0
1,Synthetic HIC 100-to-0% B validation,48ecb9716f63dcbd4ec0b6021cd8f59fbe565bbe60968fc0e4290e934115b28b,4.4,4.4,4.4,0.0,Elution 1,1.0,82.5,82.5,93.1212498652179,82.5,93.1212498652179,0.0,3.0,6.0,1.862424997304358,96.8023094034522,1.8624249973042357,0.0,0.0,0.0
1,Synthetic HIC 100-to-0% B validation,48ecb9716f63dcbd4ec0b6021cd8f59fbe565bbe60968fc0e4290e934115b28b,4.45,4.45,4.45,0.0,Elution 1,1.0,81.875,81.875,92.49771214723212,81.875,92.49771214723212,0.0,3.0,6.0,1.8499542429446425,96.20571407720645,1.849954242944582,0.0,0.0,0.0
1,Synthetic HIC 100-to-0% B validation,48ecb9716f63dcbd4ec0b6021cd8f59fbe565bbe60968fc0e4290e934115b28b,4.5,4.5,4.5,0.0,Elution 1,1.0,81.25,81.25,91.87360332009129,81.25,91.87360332009129,0.0,3.0,6.0,1.8374720664018258,95.59808683003622,1.8374720664018607,0.0,0.0,0.0
1,Synthetic HIC 100-to-0% B validation,48ecb9716f63dcbd4ec0b6021cd8f59fbe565bbe60968fc0e4290e934115b28b,4.55,4.55,4.55,0.0,Elution 1,1.0,80.625,80.625,91.24913895698685,80.625,91.24913895698685,0.0,3.0,6.0,1.824982779139737,94.9836252834017,1.8249827791397684,0.0,0.0,0.0
1,Synthetic HIC 100-to-0% B validation,48ecb9716f63dcbd4ec0b6021cd8f59fbe565bbe60968fc0e4290e934115b28b,4.6,4.6,4.6,0.0,Elution 1,1.0,80.0,80.0,90.62446381198174,80.0,90.62446381198174,0.0,3.0,6.0,1.812489276239635,94.36500200835746,1.8124892762395743,0.0,0.0,0.0
1,Synthetic HIC 100-to-0% B validation,48ecb9716f63dcbd4ec0b6021cd8f59fbe565bbe60968fc0e4290e934115b28b,4.65,4.65,4.65,0.0,Elution 1,1.0,79.375,79.375,89.99966840896212,79.375,89.99966840896212,0.0,3.0,6.0,1.7999933681792424,93.74387595031152,1.7999933681791327,0.0,0.0,0.0
1,Synthetic HIC 100-to-0% B validation,48ecb9716f63dcbd4ec0b6021cd8f59fbe565bbe60968fc0e4290e934115b28b,4.7,4.7,4.7,0.0,Elution 1,1.0,78.75,78.75,89.37480038181273,78.75,89.37480038181273,0.0,3.0,6.0,1.7874960076362547,93.1212498652179,1.7874960076362143,0.0,0.0,0.0
1,Synthetic HIC 100-to-0% B validation,48ecb9716f63dcbd4ec0b6021cd8f59fbe565bbe60968fc0e4290e934115b28b,4.75,4.75,4.75,0.0,Elution 1,1.0,78.125,78.125,88.74988273455585,78.125,88.74988273455585,0.0,3.0,6.0,1.774997654691117,92.49771214723212,1.7749976546911859,0.0,0.0,0.0
1,Synthetic HIC 100-to-0% B validation,48ecb9716f63dcbd4ec0b6021cd8f59fbe565bbe60968fc0e4290e934115b28b,4.8,4.8,4.8,0.0,Elution 1,1.0,77.5,77.5,88.12492970457173,77.5,88.12492970457173,0.0,3.0,6.0,1.7624985940914346,91.87360332009129,1.7624985940915379,0.0,0.0,0.0
1,Synthetic HIC 100-to-0% B validation,48ecb9716f63dcbd4ec0b6021cd8f59fbe565bbe60968fc0e4290e934115b28b,4.85,4.85,4.85,0.0,Elution 1,1.0,76.875,76.875,87.49995747066168,76.875,87.49995747066168,0.0,3.0,6.0,1.7499991494132336,91.24913895698685,1.7499991494132836,0.0,0.0,0.0
1,Synthetic HIC 100-to-0% B validation,48ecb9716f63dcbd4ec0b6021cd8f59fbe565bbe60968fc0e4290e934115b28b,4.9,4.9,4.9,0.0,Elution 1,1.0,76.25,76.25,86.87497173238057,76.25,86.87497173238057,0.0,3.0,6.0,1.7374994346476116,90.62446381198173,1.737499434647507,0.0,0.0,0.0
1,Synthetic HIC 100-to-0% B validation,48ecb9716f63dcbd4ec0b6021cd8f59fbe565bbe60968fc0e4290e934115b28b,4.95,4.95,4.95,0.0,Elution 1,1.0,75.625,75.625,86.2499804916933,75.625,86.2499804916933,0.0,3.0,6.0,1.7249996098338658,89.99966840896212,1.7249996098336442,0.0,0.0,0.0
1,Synthetic HIC 100-to-0% B validation,48ecb9716f63dcbd4ec0b6021cd8f59fbe565bbe60968fc0e4290e934115b28b,5.0,5.0,5.0,0.0,Elution 1,1.0,75.0,75.0,85.62498754647528,75.0,85.62498754647528,0.0,3.0,6.0,1.7124997509295057,89.37480038181273,1.7124997509292632,0.0,0.0,0.0
1,Synthetic HIC 100-to-0% B validation,48ecb9716f63dcbd4ec0b6021cd8f59fbe565bbe60968fc0e4290e934115b28b,5.05,5.05,5.05,0.0,Elution 1,1.0,74.375,74.375,84.99999401097958,74.375,84.99999401097958,0.0,3.0,6.0,1.6999998802195915,88.74988273455585,1.6999998802194944,0.0,0.0,0.0
1,Synthetic HIC 100-to-0% B validation,48ecb9716f63dcbd4ec0b6021cd8f59fbe565bbe60968fc0e4290e934115b28b,5.1,5.1,5.1,0.0,Elution 1,1.0,73.75,73.75,84.37499896986266,73.75,84.37499896986266,0.0,3.0,6.0,1.6874999793972532,88.12492970457173,1.6874999793973504,0.0,0.0,0.0
1,Synthetic HIC 100-to-0% B validation,48ecb9716f63dcbd4ec0b6021cd8f59fbe565bbe60968fc0e4290e934115b28b,5.15,5.15,5.15,0.0,Elution 1,1.0,73.125,73.125,83.7500015695169,73.125,83.7500015695169,0.0,3.0,6.0,1.675000031390338,87.49995747066167,1.6750000313905788,0.0,0.0,0.0
1,Synthetic HIC 100-to-0% B validation,48ecb9716f63dcbd4ec0b6021cd8f59fbe565bbe60968fc0e4290e934115b28b,5.2,5.2,5.2,0.0,Elution 1,1.0,72.5,72.5,83.12500208046393,72.5,83.12500208046393,0.0,3.0,6.0,1.6625000416092786,86.87497173238057,1.662500041609571,0.0,0.0,0.0
1,Synthetic HIC 100-to-0% B validation,48ecb9716f63dcbd4ec0b6021cd8f59fbe565bbe60968fc0e4290e934115b28b,5.25,5.25,5.25,0.0,Elution 1,1.0,71.875,71.875,82.500002797066,71.875,82.500002797066,0.0,3.0,6.0,1.6500000559413202,86.2499804916933,1.6500000559417116,0.0,0.0,0.0
1,Synthetic HIC 100-to-0% B validation,48ecb9716f63dcbd4ec0b6021cd8f59fbe565bbe60968fc0e4290e934115b28b,5.3,5.3,5.3,0.0,Elution 1,1.0,71.25,71.25,81.87500207930167,71.25,81.87500207930167,0.0,3.0,6.0,1.6375000415860335,85.62498754647528,1.6375000415864107,0.0,0.0,0.0
1,Synthetic HIC 100-to-0% B validation,48ecb9716f63dcbd4ec0b6021cd8f59fbe565bbe60968fc0e4290e934115b28b,5.35,5.35,5.35,0.0,Elution 1,1.0,70.625,70.625,81.2499997882437,70.625,81.2499997882437,2.596599551791425e-44,3.0,6.0,1.624999995764874,84.99999401097958,1.6249999957650725,0.0,0.0,0.0
1,Synthetic HIC 100-to-0% B validation,48ecb9716f63dcbd4ec0b6021cd8f59fbe565bbe60968fc0e4290e934115b28b,5.4,5.4,5.4,0.0,Elution 1,1.0,70.0,70.0,80.62499746354693,70.0,80.62499746354693,1.1238952817617178e-43,3.0,6.0,1.6124999492709386,84.37499896986265,1.6124999492709438,0.0,0.0,0.0
1,Synthetic HIC 100-to-0% B validation,48ecb9716f63dcbd4ec0b6021cd8f59fbe565bbe60968fc0e4290e934115b28b,5.45,5.45,5.45,0.0,Elution 1,1.0,69.375,69.375,79.9999961805672,69.375,79.9999961805672,3.5120947552772463e-43,3.0,6.0,1.599999923611344,83.7500015695169,1.599999923611236,0.0,0.0,0.0
1,Synthetic HIC 100-to-0% B validation,48ecb9716f63dcbd4ec0b6021cd8f59fbe565bbe60968fc0e4290e934115b28b,5.5,5.5,5.5,2.596599551791425e-41,Elution 1,1.0,68.75,68.75,79.37499554472653,68.75,79.37499554472653,9.741929862723997e-43,3.0,6.0,1.5874999108945307,83.12500208046393,1.5874999108943082,2.596599551791425e-44,2.596599551791425e-44,2.596599551791425e-41
1,Synthetic HIC 100-to-0% B validation,48ecb9716f63dcbd4ec0b6021cd8f59fbe565bbe60968fc0e4290e934115b28b,5.55,5.55,5.55,1.1238952817617024e-40,Elution 1,1.0,68.125,68.125,78.74999591931507,68.125,78.74999591931507,2.5466464159250076e-42,3.0,6.0,1.5749999183863015,82.500002797066,1.5749999183859724,1.1238952817617025e-43,1.1238952817617025e-43,1.1238952817617024e-40
1,Synthetic HIC 100-to-0% B validation,48ecb9716f63dcbd4ec0b6021cd8f59fbe565bbe60968fc0e4290e934115b28b,5.6,5.6,5.6,3.512094755277204e-40,Elution 1,1.0,67.5,67.5,78.12499616455094,67.5,78.12499616455094,6.436622493283263e-42,3.0,6.0,1.5624999232910188,81.87500207930167,1.5624999232906478,3.5120947552772037e-43,3.5120947552772037e-43,3.512094755277204e-40
1,Synthetic HIC 100-to-0% B validation,48ecb9716f63dcbd4ec0b6021cd8f59fbe565bbe60968fc0e4290e934115b28b,5.65,5.65,5.65,9.741929862723996e-40,Elution 1,1.0,66.875,66.875,77.49999692353782,66.875,77.49999692353782,1.5938455704025365e-41,3.0,6.0,1.5499999384707566,81.24999978824368,1.5499999384704082,9.741929862723997e-43,9.741929862723997e-43,9.741929862723996e-40
1,Synthetic HIC 100-to-0% B validation,48ecb9716f63dcbd4ec0b6021cd8f59fbe565bbe60968fc0e4290e934115b28b,5.7,5.7,5.7,2.5466464159250077e-39,Elution 1,1.0,66.25,66.25,76.87499837053569,66.25,76.87499837053569,3.8961226903924475e-41,3.0,6.0,1.537499967410714,80.62499746354693,1.5374999674104686,2.5466464159250076e-42,2.5466464159250076e-42,2.5466464159250077e-39
1,Synthetic HIC 100-to-0% B validation,48ecb9716f63dcbd4ec0b6021cd8f59fbe565bbe60968fc0e4290e934115b28b,5.75,5.75,5.75,6.436622493283263e-39,Elution 1,1.0,65.625,65.625,76.25000011583303,65.625,76.25000011583303,9.446147842822026e-41,3.0,6.0,1.5250000023166608,79.9999961805672,1.5250000023165695,6.436622493283263e-42,6.436622493283263e-42,6.436622493283263e-39
1,Synthetic HIC 100-to-0% B validation,48ecb9716f63dcbd4ec0b6021cd8f59fbe565bbe60968fc0e4290e934115b28b,5.8,5.8,5.8,1.5938455704025196e-38,Elution 1,1.0,65.0,65.0,75.62500084648221,65.0,75.62500084648221,2.278407178225349e-40,3.0,6.0,1.5125000169296443,79.37499554472653,1.5125000169296368,1.5938455704025197e-41,1.5938455704025197e-41,1.5938455704025196e-38
1,Synthetic HIC 100-to-0% B validation,48ecb9716f63dcbd4ec0b6021cd8f59fbe565bbe60968fc0e4290e934115b28b,5.85,5.85,5.85,3.896122690392407e-38,Elution 1,1.0,64.375,64.375,75.00000144820176,64.375,75.00000144820176,5.478264637527948e-40,3.0,6.0,1.5000000289640352,78.74999591931507,1.5000000289641204,3.896122690392407e-41,3.896122690392407e-41,3.896122690392407e-38
1,Synthetic HIC 100-to-0% B validation,48ecb9716f63dcbd4ec0b6021cd8f59fbe565bbe60968fc0e4290e934115b28b,5.9,5.9,5.9,9.446147842822027e-38,Elution 1,1.0,63.74999999999999,63.74999999999999,74.37500192099169,63.74999999999999,74.37500192099169,1.3148910918304839e-39,3.0,6.0,1.4875000384198338,78.12499616455092,1.4875000384200208,9.446147842822026e-41,9.446147842822026e-41,9.446147842822027e-38
1,Synthetic HIC 100-to-0% B validation,48ecb9716f63dcbd4ec0b6021cd8f59fbe565bbe60968fc0e4290e934115b28b,5.95,5.95,5.95,2.278407178225349e-37,Elution 1,1.0,63.125,63.125,73.7500021992541,63.125,73.7500021992541,3.1534447236286804e-39,3.0,6.0,1.4750000439850819,77.49999692353782,1.4750000439853237,2.278407178225349e-40,2.278407178225349e-40,2.278407178225349e-37
1,Synthetic HIC 100-to-0% B validation,48ecb9716f63dcbd4ec0b6021cd8f59fbe565bbe60968fc0e4290e934115b28b,6.0,6.0,6.0,5.478264637527948e-37,Elution 1,1.0,62.5,62.5,73.12500228657166,62.5,73.12500228657166,7.561630938678625e-39,3.0,6.0,1.4625000457314332,76.87499837053569,1.4625000457316866,5.478264637527948e-40,5.478264637527948e-40,5.478264637527948e-37
1,Synthetic HIC 100-to-0% B validation,48ecb9716f63dcbd4ec0b6021cd8f59fbe565bbe60968fc0e4290e934115b28b,6.05,6.05,6.05,1.3148910918304702e-36,Elution 1,1.0,61.875,61.875,72.50000221551096,61.875,72.50000221551096,1.8137519019191652e-38,3.0,6.0,1.4500000443102192,76.25000011583303,1.4500000443104686,1.3148910918304702e-39,1.3148910918304702e-39,1.3148910918304702e-36
1,Synthetic HIC 100-to-0% B validation,48ecb9716f63dcbd4ec0b6021cd8f59fbe565bbe60968fc0e4290e934115b28b,6.1,6.1,6.1,3.153444723628648e-36,Elution 1,1.0,61.25000000000001,61.25000000000001,71.87500198607204,61.25000000000001,71.87500198607204,4.3531830102496487e-38,3.0,6.0,1.4375000397214408,75.62500084648221,1.4375000397216697,3.153444723628648e-39,3.153444723628648e-39,3.153444723628648e-36
1,Synthetic HIC 100-to-0% B validation,48ecb9716f63dcbd4ec0b6021cd8f59fbe565bbe60968fc0e4290e934115b28b,6.15,6.15,6.15,7.561630938678625e-36,Elution 1,1.0,60.62499999999999,60.62499999999999,71.25000159825485,60.62499999999999,71.25000159825485,1.0440593144432605e-37,3.0,6.0,1.425000031965097,75.00000144820174,1.42500003196529,7.561630938678625e-39,7.561630938678625e-39,7.561630938678625e-36
1,Synthetic HIC 100-to-0% B validation,48ecb9716f63dcbd4ec0b6021cd8f59fbe565bbe60968fc0e4290e934115b28b,6.2,6.2,6.2,1.8137519019191652e-35,Elution 1,1.0,60.0,60.0,70.62500105205943,60.0,70.62500105205943,2.4960351884247575e-37,3.0,6.0,1.4125000210411887,74.37500192099169,1.4125000210413294,1.8137519019191652e-38,1.8137519019191652e-38,1.8137519019191652e-35
1,Synthetic HIC 100-to-0% B validation,48ecb9716f63dcbd4ec0b6021cd8f59fbe565bbe60968fc0e4290e934115b28b,6.25,6.25,6.25,4.353183010249649e-35,Elution 1,1.0,59.375,59.375,70.00000048341217,59.375,70.00000048341217,5.975305611348746e-37,3.0,6.0,1.4000000096682432,73.7500021992541,1.4000000096683278,4.3531830102496487e-38,4.3531830102496487e-38,4.353183010249649e-35
1,Synthetic HIC 100-to-0% B validation,48ecb9716f63dcbd4ec0b6021cd8f59fbe565bbe60968fc0e4290e934115b28b,6.3,6.3,6.3,1.0440593144432496e-34,Elution 1,1.0,58.75,58.75,69.37500031107626,58.75,69.37500031107626,1.4354178008193382e-36,3.0,6.0,1.3875000062215253,73.12500228657166,1.387500006221586,1.0440593144432496e-37,1.0440593144432496e-37,1.0440593144432496e-34
1,Synthetic HIC 100-to-0% B validation,48ecb9716f63dcbd4ec0b6021cd8f59fbe565bbe60968fc0e4290e934115b28b,6.35,6.35,6.35,2.496035188424732e-34,Elution 1,1.0,58.12500000000001,58.12500000000001,68.75000015593879,58.12500000000001,68.75000015593879,3.4632264191137636e-36,3.0,6.0,1.375000003118776,72.50000221551096,1.3750000031188123,2.496035188424732e-37,2.496035188424732e-37,2.496035188424732e-34
1,Synthetic HIC 100-to-0% B validation,48ecb9716f63dcbd4ec0b6021cd8f59fbe565bbe60968fc0e4290e934115b28b,6.4,6.4,6.4,5.975305611348746e-34,Elution 1,1.0,57.49999999999999,57.49999999999999,68.12500001799974,57.49999999999999,68.12500001799974,8.370311166553764e-36,3.0,6.0,1.3625000003599947,71.87500198607202,1.3625000003600063,5.975305611348746e-37,5.975305611348746e-37,5.975305611348746e-34
1,Synthetic HIC 100-to-0% B validation,48ecb9716f63dcbd4ec0b6021cd8f59fbe565bbe60968fc0e4290e934115b28b,6.45,6.45,6.45,1.4354178008193383e-33,Elution 1,1.0,56.875,56.875,67.49999989725913,56.875,67.49999989725913,2.0237997865227615e-35,3.0,6.0,1.3499999979451827,71.25000159825485,1.3499999979451682,1.4354178008193382e-36,1.4354178008193382e-36,1.4354178008193383e-33
1,Synthetic HIC 100-to-0% B validation,48ecb9716f63dcbd4ec0b6021cd8f59fbe565bbe60968fc0e4290e934115b28b,6.5,6.5,6.5,3.4632264191137634e-33,Elution 1,1.0,56.25,56.25,66.87499979371694,56.25,66.87499979371694,4.927144582741796e-35,3.0,6.0,1.3374999958743388,70.62500105205943,1.3374999958742981,3.4632264191137636e-36,3.4632264191137636e-36,3.4632264191137634e-33
1,Synthetic HIC 100-to-0% B validation,48ecb9716f63dcbd4ec0b6021cd8f59fbe565bbe60968fc0e4290e934115b28b,6.55,6.55,6.55,8.370311166553678e-33,Elution 1,1.0,55.625,55.625,66.24999970737316,55.625,66.24999970737316,1.2058932945870482e-34,3.0,6.0,1.3249999941474633,70.00000048341217,1.3249999941473958,8.370311166553678e-36,8.370311166553678e-36,8.370311166553678e-33
1,Synthetic HIC 100-to-0% B validation,48ecb9716f63dcbd4ec0b6021cd8f59fbe565bbe60968fc0e4290e934115b28b,6.6,6.6,6.6,2.0237997865227406e-32,Elution 1,1.0,55.00000000000001,55.00000000000001,65.62499972422785,55.00000000000001,65.62499972422785,2.976449029307497e-34,3.0,6.0,1.312499994484557,69.37500031107626,1.3124999944844915,2.0237997865227406e-35,2.0237997865227406e-35,2.0237997865227406e-32
1,Synthetic HIC 100-to-0% B validation,48ecb9716f63dcbd4ec0b6021cd8f59fbe565bbe60968fc0e4290e934115b28b,6.65,6.65,6.65,4.927144582741796e-32,Elution 1,1.0,54.37499999999999,54.37499999999999,64.99999975970485,54.37499999999999,64.99999975970485,7.44695680920307e-34,3.0,6.0,1.299999995194097,68.75000015593878,1.2999999951940395,4.927144582741796e-35,4.927144582741796e-35,4.927144582741796e-32
1,Synthetic HIC 100-to-0% B validation,48ecb9716f63dcbd4ec0b6021cd8f59fbe565bbe60968fc0e4290e934115b28b,6.7,6.7,6.7,1.2058932945870481e-31,Elution 1,1.0,53.75,53.75,64.37499979518184,53.75,64.37499979518184,1.9057809245690975e-33,3.0,6.0,1.2874999959036368,68.12500001799974,1.2874999959035875,1.2058932945870482e-34,1.2058932945870482e-34,1.2058932945870481e-31
1,Synthetic HIC 100-to-0% B validation,48ecb9716f63dcbd4ec0b6021cd8f59fbe565bbe60968fc0e4290e934115b28b,6.75,6.75,6.75,2.9764490293074972e-31,Elution 1,1.0,53.125,53.125,63.749999830658844,53.125,63.749999830658844,4.988682386128311e-33,3.0,6.0,1.2749999966131769,67.49999989725913,1.2749999966131358,2.976449029307497e-34,2.976449029307497e-34,2.9764490293074972e-31
1,Synthetic HIC 100-to-0% B validation,48ecb9716f63dcbd4ec0b6021cd8f59fbe565bbe60968fc0e4290e934115b28b,6.8,6.8,6.8,7.446956809202991e-31,Elution 1,1.0,52.5,52.5,63.12499986613584,52.5,63.12499986613584,1.33680970493458e-32,3.0,6.0,1.2624999973227167,66.87499979371694,1.2624999973226838,7.446956809202991e-34,7.446956809202991e-34,7.446956809202991e-31
1,Synthetic HIC 100-to-0% B validation,48ecb9716f63dcbd4ec0b6021cd8f59fbe565bbe60968fc0e4290e934115b28b,6.85,6.85,6.85,1.905780924569077e-30,Elution 1,1.0,51.87500000000001,51.87500000000001,62.49999990161284,51.87500000000001,62.49999990161284,3.702064848374323e-32,3.0,6.0,1.2499999980322567,66.24999970737316,1.2499999980322318,1.905780924569077e-33,1.905780924569077e-33,1.905780924569077e-30
1,Synthetic HIC 100-to-0% B validation,48ecb9716f63dcbd4ec0b6021cd8f59fbe565bbe60968fc0e4290e934115b28b,6.9,6.9,6.9,4.988682386128311e-30,Elution 1,1.0,51.24999999999999,51.24999999999999,61.874999927338926,51.24999999999999,61.874999927338926,1.0562865358958192e-31,3.0,6.0,1.2374999985467785,65.62499972422783,1.23749999854676,4.988682386128311e-33,4.988682386128311e-33,4.988682386128311e-30
1,Synthetic HIC 100-to-0% B validation,48ecb9716f63dcbd4ec0b6021cd8f59fbe565bbe60968fc0e4290e934115b28b,6.95,6.95,6.95,1.33680970493458e-29,Elution 1,1.0,50.625,50.625,61.24999994031809,50.625,61.24999994031809,3.076777724788233e-31,3.0,6.0,1.2249999988063618,64.99999975970485,1.2249999988063478,1.33680970493458e-32,1.33680970493458e-32,1.33680970493458e-29
1,Synthetic HIC 100-to-0% B validation,48ecb9716f63dcbd4ec0b6021cd8f59fbe565bbe60968fc0e4290e934115b28b,7.0,7.0,7.0,3.7020648483743226e-29,Elution 1,1.0,50.0,50.0,60.624999953297255,50.0,60.624999953297255,9.031159247480285e-31,3.0,6.0,1.212499999065945,64.37499979518184,1.2124999990659355,3.702064848374323e-32,3.702064848374323e-32,3.7020648483743226e-29
1,Synthetic HIC 100-to-0% B validation,48ecb9716f63dcbd4ec0b6021cd8f59fbe565bbe60968fc0e4290e934115b28b,7.05,7.05,7.05,1.056286535895807e-28,Elution 1,1.0,49.375,49.375,59.99999996627642,49.375,59.99999996627642,2.6676636681442393e-30,3.0,6.0,1.1999999993255284,63.749999830658844,1.1999999993255233,1.0562865358958072e-31,1.0562865358958072e-31,1.056286535895807e-28
1,Synthetic HIC 100-to-0% B validation,48ecb9716f63dcbd4ec0b6021cd8f59fbe565bbe60968fc0e4290e934115b28b,7.1,7.1,7.1,3.0767777247881966e-28,Elution 1,1.0,48.75000000000001,48.75000000000001,59.37499997925559,48.75000000000001,59.37499997925559,7.87217986948998e-30,3.0,6.0,1.1874999995851119,63.12499986613584,1.187499999585111,3.0767777247881965e-31,3.0767777247881965e-31,3.0767777247881966e-28
1,Synthetic HIC 100-to-0% B validation,48ecb9716f63dcbd4ec0b6021cd8f59fbe565bbe60968fc0e4290e934115b28b,7.15,7.15,7.15,9.031159247480285e-28,Elution 1,1.0,48.12499999999999,48.12499999999999,58.749999992234756,48.12499999999999,58.749999992234756,2.3119683373202624e-29,3.0,6.0,1.1749999998446952,62.499999901612824,1.1749999998446987,9.031159247480285e-31,9.031159247480285e-31,9.031159247480285e-28
1,Synthetic HIC 100-to-0% B validation,48ecb9716f63dcbd4ec0b6021cd8f59fbe565bbe60968fc0e4290e934115b28b,7.2,7.2,7.2,2.6676636681442392e-27,Elution 1,1.0,47.5,47.5,58.125000004763486,47.5,58.125000004763486,6.757625830381494e-29,3.0,6.0,1.1625000000952697,61.874999927338926,1.1625000000952777,2.6676636681442393e-30,2.6676636681442393e-30,2.6676636681442392e-27
1,Synthetic HIC 100-to-0% B validation,48ecb9716f63dcbd4ec0b6021cd8f59fbe565bbe60968fc0e4290e934115b28b,7.25,7.25,7.25,7.872179869489979e-27,Elution 1,1.0,46.875,46.875,57.50000000426306,46.875,57.50000000426306,1.9779951192146505e-28,3.0,6.0,1.1500000000852613,61.24999994031809,1.1500000000852684,7.87217986948998e-30,7.87217986948998e-30,7.872179869489979e-27
1,Synthetic HIC 100-to-0% B validation,48ecb9716f63dcbd4ec0b6021cd8f59fbe565bbe60968fc0e4290e934115b28b,7.3,7.3,7.3,2.3119683373202352e-26,Elution 1,1.0,46.25,46.25,56.87500000376263,46.25,56.87500000376263,5.8744005682684805e-28,3.0,6.0,1.1375000000752526,60.624999953297255,1.137500000075259,2.3119683373202352e-29,2.3119683373202352e-29,2.3119683373202352e-26
1,Synthetic HIC 100-to-0% B validation,48ecb9716f63dcbd4ec0b6021cd8f59fbe565bbe60968fc0e4290e934115b28b,7.35,7.35,7.35,6.757625830381415e-26,Elution 1,1.0,45.62500000000001,45.62500000000001,56.2500000032622,45.62500000000001,56.2500000032622,1.8013535985417468e-27,3.0,6.0,1.125000000065244,59.99999996627642,1.1250000000652496,6.757625830381415e-29,6.757625830381415e-29,6.757625830381415e-26
1,Synthetic HIC 100-to-0% B validation,48ecb9716f63dcbd4ec0b6021cd8f59fbe565bbe60968fc0e4290e934115b28b,7.4,7.4,7.4,1.9779951192146506e-25,Elution 1,1.0,44.99999999999999,44.99999999999999,55.62500000276178,44.99999999999999,55.62500000276178,5.805001091377551e-27,3.0,6.0,1.1125000000552356,59.37499997925558,1.1125000000552403,1.9779951192146505e-28,1.9779951192146505e-28,1.9779951192146506e-25
1,Synthetic HIC 100-to-0% B validation,48ecb9716f63dcbd4ec0b6021cd8f59fbe565bbe60968fc0e4290e934115b28b,7.45,7.45,7.45,5.87440056826848e-25,Elution 1,1.0,44.375,44.375,55.00000000226135,44.375,55.00000000226135,1.9582243051375255e-26,3.0,6.0,1.100000000045227,58.749999992234756,1.100000000045231,5.8744005682684805e-28,5.8744005682684805e-28,5.87440056826848e-25
1,Synthetic HIC 100-to-0% B validation,48ecb9716f63dcbd4ec0b6021cd8f59fbe565bbe60968fc0e4290e934115b28b,7.5,7.5,7.5,1.801353598541747e-24,Elution 1,1.0,43.75,43.75,54.375000001760924,43.75,54.375000001760924,6.802371131422967e-26,3.0,6.0,1.0875000000352184,58.125000004763486,1.0875000000352217,1.8013535985417468e-27,1.8013535985417468e-27,1.801353598541747e-24
1,Synthetic HIC 100-to-0% B validation,48ecb9716f63dcbd4ec0b6021cd8f59fbe565bbe60968fc0e4290e934115b28b,7.55,7.55,7.55,5.80500109137748e-24,Elution 1,1.0,43.125,43.125,53.75000000137182,43.125,53.75000000137182,2.393438385772472e-25,3.0,6.0,1.0750000000274365,57.50000000426306,1.0750000000274391,5.8050010913774805e-27,5.8050010913774805e-27,5.80500109137748e-24
1,Synthetic HIC 100-to-0% B validation,48ecb9716f63dcbd4ec0b6021cd8f59fbe565bbe60968fc0e4290e934115b28b,7.6,7.6,7.6,1.9582243051375008e-23,Elution 1,1.0,42.50000000000001,42.50000000000001,53.12500000104715,42.50000000000001,53.12500000104715,8.368424434697897e-25,3.0,6.0,1.062500000020943,56.87500000376263,1.0625000000209452,1.9582243051375009e-26,1.9582243051375009e-26,1.9582243051375008e-23
1,Synthetic HIC 100-to-0% B validation,48ecb9716f63dcbd4ec0b6021cd8f59fbe565bbe60968fc0e4290e934115b28b,7.65,7.65,7.65,6.802371131422968e-23,Elution 1,1.0,41.87499999999999,41.87499999999999,52.50000000072247,41.87499999999999,52.50000000072247,2.8815334673523785e-24,3.0,6.0,1.0500000000144494,56.25000000326219,1.0500000000144514,6.802371131422967e-26,6.802371131422967e-26,6.802371131422968e-23
1,Synthetic HIC 100-to-0% B validation,48ecb9716f63dcbd4ec0b6021cd8f59fbe565bbe60968fc0e4290e934115b28b,7.7,7.7,7.7,2.393438385772472e-22,Elution 1,1.0,41.25,41.25,51.875000000397804,41.25,51.875000000397804,9.946559474961228e-24,3.0,6.0,1.0375000000079562,55.62500000276178,1.0375000000079573,2.393438385772472e-25,2.393438385772472e-25,2.393438385772472e-22
1,Synthetic HIC 100-to-0% B validation,48ecb9716f63dcbd4ec0b6021cd8f59fbe565bbe60968fc0e4290e934115b28b,7.75,7.75,7.75,8.368424434697897e-22,Elution 1,1.0,40.625,40.625,51.25000000007313,40.625,51.25000000007313,3.569318875691384e-23,3.0,6.0,1.0250000000014625,55.00000000226135,1.0250000000014634,8.368424434697897e-25,8.368424434697897e-25,8.368424434697897e-22
1,Synthetic HIC 100-to-0% B validation,48ecb9716f63dcbd4ec0b6021cd8f59fbe565bbe60968fc0e4290e934115b28b,7.8,7.8,7.8,2.881533467352342e-21,Elution 1,1.0,40.0,40.0,50.624999999748454,40.0,50.624999999748454,1.3820484874195214e-22,3.0,6.0,1.012499999994969,54.375000001760924,1.0124999999949695,2.881533467352342e-24,2.881533467352342e-24,2.881533467352342e-21
1,Synthetic HIC 100-to-0% B validation,48ecb9716f63dcbd4ec0b6021cd8f59fbe565bbe60968fc0e4290e934115b28b,7.85,7.85,7.85,9.946559474961103e-21,Elution 1,1.0,39.37500000000001,39.37500000000001,49.999999999512966,39.37500000000001,49.999999999512966,5.6807893722889e-22,3.0,6.0,0.9999999999902593,53.75000000137182,0.9999999999902593,9.946559474961103e-24,9.946559474961103e-24,9.946559474961103e-21
1,Synthetic HIC 100-to-0% B validation,48ecb9716f63dcbd4ec0b6021cd8f59fbe565bbe60968fc0e4290e934115b28b,7.9,7.9,7.9,3.5693188756913837e-20,Elution 1,1.0,38.74999999999999,38.74999999999999,49.37499999957037,38.74999999999999,49.37499999957037,2.3512062850100098e-21,3.0,6.0,0.9874999999914075,53.125000001047134,0.9874999999914074,3.569318875691384e-23,3.569318875691384e-23,3.5693188756913837e-20
1,Synthetic HIC 100-to-0% B validation,48ecb9716f63dcbd4ec0b6021cd8f59fbe565bbe60968fc0e4290e934115b28b,7.95,7.95,7.95,1.3820484874195214e-19,Elution 1,1.0,38.125,38.125,48.749999999627775,38.125,48.749999999627775,9.497162835644052e-21,3.0,6.0,0.9749999999925555,52.50000000072247,0.9749999999925555,1.3820484874195214e-22,1.3820484874195214e-22,1.3820484874195214e-19
1,Synthetic HIC 100-to-0% B validation,48ecb9716f63dcbd4ec0b6021cd8f59fbe565bbe60968fc0e4290e934115b28b,8.0,8.0,8.0,5.6807893722889e-19,Elution 1,1.0,37.5,37.5,48.12499999968518,37.5,48.12499999968518,3.809861924153118e-20,3.0,6.0,0.9624999999937036,51.875000000397804,0.9624999999937036,5.6807893722889e-22,5.6807893722889e-22,5.6807893722889e-19
1,Synthetic HIC 100-to-0% B validation,48ecb9716f63dcbd4ec0b6021cd8f59fbe565bbe60968fc0e4290e934115b28b,8.05,8.05,8.05,2.3512062850100097e-18,Elution 1,1.0,36.87499999999999,36.87499999999999,47.499999999742585,36.87499999999999,47.499999999742585,1.635462782986904e-19,3.0,6.0,0.9499999999948517,51.250000000073115,0.9499999999948516,2.3512062850100098e-21,2.3512062850100098e-21,2.3512062850100097e-18
1,Synthetic HIC 100-to-0% B validation,48ecb9716f63dcbd4ec0b6021cd8f59fbe565bbe60968fc0e4290e934115b28b,8.1,8.1,8.1,9.497162835643926e-18,Elution 1,1.0,36.25000000000001,36.25000000000001,46.87499999979999,36.25000000000001,46.87499999979999,7.74550448792752e-19,3.0,6.0,0.9374999999959998,50.624999999748454,0.9374999999959998,9.497162835643926e-21,9.497162835643926e-21,9.497162835643926e-18
1,Synthetic HIC 100-to-0% B validation,48ecb9716f63dcbd4ec0b6021cd8f59fbe565bbe60968fc0e4290e934115b28b,8.15,8.15,8.15,3.8098619241531176e-17,Elution 1,1.0,35.625,35.625,46.249999999857394,35.625,46.249999999857394,3.7483597383284825e-18,3.0,6.0,0.9249999999971479,49.99999999951295,0.9249999999971478,3.809861924153118e-20,3.809861924153118e-20,3.8098619241531176e-17
1,Synthetic HIC 100-to-0% B validation,48ecb9716f63dcbd4ec0b6021cd8f59fbe565bbe60968fc0e4290e934115b28b,8.2,8.2,8.2,1.6354627829868597e-16,Elution 1,1.0,35.000000000000014,35.000000000000014,45.62499999988683,35.000000000000014,45.62499999988683,1.728854035102322e-17,3.0,6.0,0.9124999999977367,49.374999999570385,0.9124999999977365,1.6354627829868596e-19,1.6354627829868596e-19,1.6354627829868597e-16
1,Synthetic HIC 100-to-0% B validation,48ecb9716f63dcbd4ec0b6021cd8f59fbe565bbe60968fc0e4290e934115b28b,8.25,8.25,8.25,7.74550448792752e-16,Elution 1,1.0,34.375,34.375,44.99999999991067,34.375,44.99999999991067,8.075922622593703e-17,3.0,6.0,0.8999999999982135,48.749999999627775,0.8999999999982133,7.74550448792752e-19,7.74550448792752e-19,7.74550448792752e-16
1,Synthetic HIC 100-to-0% B validation,48ecb9716f63dcbd4ec0b6021cd8f59fbe565bbe60968fc0e4290e934115b28b,8.3,8.3,8.3,3.748359738328483e-15,Elution 1,1.0,33.749999999999986,33.749999999999986,44.374999999934516,33.749999999999986,44.374999999934516,4.3788885511611393e-16,3.0,6.0,0.8874999999986903,48.12499999968518,0.8874999999986903,3.7483597383284825e-18,3.7483597383284825e-18,3.748359738328483e-15
1,Synthetic HIC 100-to-0% B validation,48ecb9716f63dcbd4ec0b6021cd8f59fbe565bbe60968fc0e4290e934115b28b,8.35,8.35,8.35,1.728854035102322e-14,Elution 1,1.0,33.125,33.125,43.74999999995836,33.125,43.74999999995836,2.516639616398366e-15,3.0,6.0,0.8749999999991672,47.499999999742606,0.8749999999991672,1.728854035102322e-17,1.728854035102322e-17,1.728854035102322e-14
1,Synthetic HIC 100-to-0% B validation,48ecb9716f63dcbd4ec0b6021cd8f59fbe565bbe60968fc0e4290e934115b28b,8.4,8.4,8.4,8.075922622593702e-14,Elution 1,1.0,32.5,32.5,43.12499999998221,32.5,43.12499999998221,1.3185266350363127e-14,3.0,6.0,0.8624999999996442,46.87499999979999,0.8624999999996441,8.075922622593703e-17,8.075922622593703e-17,8.075922622593702e-14
1,Synthetic HIC 100-to-0% B validation,48ecb9716f63dcbd4ec0b6021cd8f59fbe565bbe60968fc0e4290e934115b28b,8.45,8.45,8.45,4.378888551161012e-13,Elution 1,1.0,31.875000000000014,31.875000000000014,42.500000000006054,31.875000000000014,42.500000000006054,6.934366813300177e-14,3.0,6.0,0.8500000000001211,46.249999999857415,0.850000000000121,4.378888551161012e-16,4.378888551161012e-16,4.378888551161012e-13
1,Synthetic HIC 100-to-0% B validation,48ecb9716f63dcbd4ec0b6021cd8f59fbe565bbe60968fc0e4290e934115b28b,8.5,8.5,8.5,2.516639616398366e-12,Elution 1,1.0,31.25,31.25,41.875000000018964,31.25,41.875000000018964,4.630387318559175e-13,3.0,6.0,0.8375000000003793,45.62499999988683,0.8375000000003793,2.516639616398366e-15,2.516639616398366e-15,2.516639616398366e-12
1,Synthetic HIC 100-to-0% B validation,48ecb9716f63dcbd4ec0b6021cd8f59fbe565bbe60968fc0e4290e934115b28b,8.55,8.55,8.55,1.3185266350363127e-11,Elution 1,1.0,30.624999999999986,30.624999999999986,41.250000000017586,30.624999999999986,41.250000000017586,3.0062617714615422e-12,3.0,6.0,0.8250000000003518,44.99999999991067,0.8250000000003517,1.3185266350363127e-14,1.3185266350363127e-14,1.3185266350363127e-11
1,Synthetic HIC 100-to-0% B validation,48ecb9716f63dcbd4ec0b6021cd8f59fbe565bbe60968fc0e4290e934115b28b,8.6,8.6,8.6,6.934366813300176e-11,Elution 1,1.0,30.0,30.0,40.6250000000162,30.0,40.6250000000162,1.6231612407046253e-11,3.0,6.0,0.8125000000003241,44.37499999993454,0.8125000000003241,6.934366813300177e-14,6.934366813300177e-14,6.934366813300176e-11
1,Synthetic HIC 100-to-0% B validation,48ecb9716f63dcbd4ec0b6021cd8f59fbe565bbe60968fc0e4290e934115b28b,8.65,8.65,8.65,4.6303873185591744e-10,Elution 1,1.0,29.375,29.375,40.00000000001482,29.375,40.00000000001482,1.1632144441387387e-10,3.0,6.0,0.8000000000002965,43.74999999995836,0.8000000000002965,4.630387318559175e-13,4.630387318559175e-13,4.6303873185591744e-10
1,Synthetic HIC 100-to-0% B validation,48ecb9716f63dcbd4ec0b6021cd8f59fbe565bbe60968fc0e4290e934115b28b,8.7,8.7,8.7,3.0062617714614517e-09,Elution 1,1.0,28.750000000000014,28.750000000000014,39.375000000013436,28.750000000000014,39.375000000013436,9.263581711409171e-10,3.0,6.0,0.7875000000002688,43.12499999998223,0.7875000000002688,3.0062617714614518e-12,3.0062617714614518e-12,3.0062617714614517e-09
1,Synthetic HIC 100-to-0% B validation,48ecb9716f63dcbd4ec0b6021cd8f59fbe565bbe60968fc0e4290e934115b28b,8.75,8.75,8.75,1.6231612407046254e-08,Elution 1,1.0,28.125,28.125,38.75000000001206,28.125,38.75000000001206,5.3244347238000805e-09,3.0,6.0,0.7750000000002412,42.500000000006054,0.7750000000002412,1.6231612407046253e-11,1.6231612407046253e-11,1.6231612407046254e-08
1,Synthetic HIC 100-to-0% B validation,48ecb9716f63dcbd4ec0b6021cd8f59fbe565bbe60968fc0e4290e934115b28b,8.8,8.8,8.8,1.1632144441387387e-07,Elution 1,1.0,27.499999999999986,27.499999999999986,38.12500000001067,27.499999999999986,38.12500000001067,4.2245537042758026e-08,3.0,6.0,0.7625000000002135,41.875000000018964,0.7625000000002135,1.1632144441387387e-10,1.1632144441387387e-10,1.1632144441387387e-07
1,Synthetic HIC 100-to-0% B validation,48ecb9716f63dcbd4ec0b6021cd8f59fbe565bbe60968fc0e4290e934115b28b,8.85,8.85,8.85,9.263581711409171e-07,Elution 1,1.0,26.875,26.875,37.500000000009116,26.875,37.500000000009116,3.972319104834431e-07,3.0,6.0,0.7500000000001823,41.25000000001761,0.7500000000001824,9.263581711409171e-10,9.263581711409171e-10,9.263581711409171e-07
1,Synthetic HIC 100-to-0% B validation,48ecb9716f63dcbd4ec0b6021cd8f59fbe565bbe60968fc0e4290e934115b28b,8.9,8.9,8.9,5.32443472380008e-06,Elution 1,1.0,26.25,26.25,36.87500000000757,26.25,36.87500000000757,2.1674275494820567e-06,3.0,6.0,0.7375000000001514,40.6250000000162,0.7375000000001513,5.3244347238000805e-09,5.3244347238000805e-09,5.32443472380008e-06
1,Synthetic HIC 100-to-0% B validation,48ecb9716f63dcbd4ec0b6021cd8f59fbe565bbe60968fc0e4290e934115b28b,8.95,8.95,8.95,4.224553704275672e-05,Elution 1,1.0,25.625000000000014,25.625000000000014,36.25000000000601,25.625000000000014,36.25000000000601,2.47841970902728e-05,3.0,6.0,0.7250000000001202,40.00000000001484,0.7250000000001202,4.224553704275672e-08,4.224553704275672e-08,4.224553704275672e-05
1,Synthetic HIC 100-to-0% B validation,48ecb9716f63dcbd4ec0b6021cd8f59fbe565bbe60968fc0e4290e934115b28b,9.0,9.0,9.0,0.0003972319104834431,Elution 1,1.0,25.0,25.0,35.625000000004455,25.0,35.625000000004455,0.00021557996087643024,3.0,6.0,0.7125000000000891,39.375000000013436,0.7125000000000892,3.972319104834431e-07,3.972319104834431e-07,0.0003972319104834431
1,Synthetic HIC 100-to-0% B validation,48ecb9716f63dcbd4ec0b6021cd8f59fbe565bbe60968fc0e4290e934115b28b,9.05,9.05,9.05,0.0021674275494820566,Elution 1,1.0,24.374999999999986,24.374999999999986,35.0000000000029,24.374999999999986,35.0000000000029,0.0008900158925780102,3.0,6.0,0.700000000000058,38.75000000001206,0.700000000000058,2.1674275494820567e-06,2.1674275494820567e-06,0.0021674275494820566
1,Synthetic HIC 100-to-0% B validation,48ecb9716f63dcbd4ec0b6021cd8f59fbe565bbe60968fc0e4290e934115b28b,9.1,9.1,9.1,0.0247841970902728,Elution 1,1.0,23.75,23.75,34.37500000000135,23.75,34.37500000000135,0.023728364123177616,3.0,6.0,0.687500000000027,38.125000000010694,0.687500000000027,2.47841970902728e-05,2.47841970902728e-05,0.0247841970902728
1,Synthetic HIC 100-to-0% B validation,48ecb9716f63dcbd4ec0b6021cd8f59fbe565bbe60968fc0e4290e934115b28b,9.15,9.15,9.15,0.21557996087643025,Elution 1,1.0,23.125,23.125,33.750000000000675,23.125,33.750000000000675,0.10785778441350584,3.0,6.0,0.6750000000000135,37.500000000009116,0.6750000000000135,0.00021557996087643024,0.00021557996087643024,0.21557996087643025
1,Synthetic HIC 100-to-0% B validation,48ecb9716f63dcbd4ec0b6021cd8f59fbe565bbe60968fc0e4290e934115b28b,9.2,9.2,9.2,0.8900158925779862,Elution 1,1.0,22.500000000000014,22.500000000000014,33.125000000000504,22.500000000000014,33.125000000000504,0.26939353597694526,3.0,6.0,0.6625000000000101,36.87500000000759,0.6625000000000101,0.0008900158925779862,0.0008900158925779862,0.8900158925779862
1,Synthetic HIC 100-to-0% B validation,48ecb9716f63dcbd4ec0b6021cd8f59fbe565bbe60968fc0e4290e934115b28b,9.25,9.25,9.25,23.728364123177617,Elution 1,1.0,21.875,21.875,32.50000000000034,21.875,32.50000000000034,0.5101850437497852,3.0,6.0,0.6500000000000068,36.25000000000601,0.6500000000000068,0.023728364123177616,0.023728364123177616,23.728364123177617
1,Synthetic HIC 100-to-0% B validation,48ecb9716f63dcbd4ec0b6021cd8f59fbe565bbe60968fc0e4290e934115b28b,9.3,9.3,9.3,107.85778441350584,Elution 1,1.0,21.249999999999986,21.249999999999986,31.875000000000174,21.249999999999986,31.875000000000174,0.8269376980245938,3.0,6.0,0.6375000000000035,35.625000000004455,0.6375000000000034,0.10785778441350584,0.10785778441350584,107.85778441350584
1,Synthetic HIC 100-to-0% B validation,48ecb9716f63dcbd4ec0b6021cd8f59fbe565bbe60968fc0e4290e934115b28b,9.35,9.35,9.35,269.39353597694526,Elution 1,1.0,20.625,20.625,31.250000000000007,20.625,31.250000000000007,1.1709182801930624,3.0,6.0,0.6250000000000001,35.00000000000292,0.6250000000000001,0.26939353597694526,0.26939353597694526,269.39353597694526
1,Synthetic HIC 100-to-0% B validation,48ecb9716f63dcbd4ec0b6021cd8f59fbe565bbe60968fc0e4290e934115b28b,9.4,9.4,9.4,510.1850437497852,Elution 1,1.0,20.0,20.0,30.62499999999984,20.0,30.62499999999984,1.4743340290060971,3.0,6.0,0.6124999999999968,34.37500000000135,0.6124999999999967,0.5101850437497852,0.5101850437497852,510.1850437497852
1,Synthetic HIC 100-to-0% B validation,48ecb9716f63dcbd4ec0b6021cd8f59fbe565bbe60968fc0e4290e934115b28b,9.45,9.45,9.45,826.9376980245826,Elution 1,1.0,19.375000000000014,19.375000000000014,29.999999999999723,19.375000000000014,29.999999999999723,1.7157650257213484,3.0,6.0,0.5999999999999944,33.750000000000696,0.5999999999999943,0.8269376980245826,0.8269376980245826,826.9376980245826
1,Synthetic HIC 100-to-0% B validation,48ecb9716f63dcbd4ec0b6021cd8f59fbe565bbe60968fc0e4290e934115b28b,9.5,9.5,9.5,1170.9182801930624,Elution 1,1.0,18.75,18.75,29.37499999999976,18.75,29.37499999999976,1.8752463202678906,3.0,6.0,0.5874999999999951,33.125000000000504,0.587499999999995,1.1709182801930624,1.1709182801930624,1170.9182801930624
1,Synthetic HIC 100-to-0% B validation,48ecb9716f63dcbd4ec0b6021cd8f59fbe565bbe60968fc0e4290e934115b28b,9.55,9.55,9.55,1474.3340290060971,Elution 1,1.0,18.124999999999986,18.124999999999986,28.749999999999797,18.124999999999986,28.749999999999797,1.9535550810506506,3.0,6.0,0.574999999999996,32.50000000000034,0.5749999999999957,1.4743340290060971,1.4743340290060971,1474.3340290060971
1,Synthetic HIC 100-to-0% B validation,48ecb9716f63dcbd4ec0b6021cd8f59fbe565bbe60968fc0e4290e934115b28b,9.6,9.6,9.6,1715.7650257213484,Elution 1,1.0,17.5,17.5,28.124999999999833,17.5,28.124999999999833,1.989639642893898,3.0,6.0,0.5624999999999967,31.875000000000195,0.5624999999999966,1.7157650257213484,1.7157650257213484,1715.7650257213484
1,Synthetic HIC 100-to-0% B validation,48ecb9716f63dcbd4ec0b6021cd8f59fbe565bbe60968fc0e4290e934115b28b,9.65,9.65,9.65,1875.2463202678907,Elution 1,1.0,16.875,16.875,27.499999999999872,16.875,27.499999999999872,1.8870383693454975,3.0,6.0,0.5499999999999975,31.250000000000007,0.5499999999999973,1.8752463202678906,1.8752463202678906,1875.2463202678907
1,Synthetic HIC 100-to-0% B validation,48ecb9716f63dcbd4ec0b6021cd8f59fbe565bbe60968fc0e4290e934115b28b,9.7,9.7,9.7,1953.5550810506477,Elution 1,1.0,16.250000000000014,16.250000000000014,26.874999999999908,16.250000000000014,26.874999999999908,1.6651744990499897,3.0,6.0,0.5374999999999982,30.62499999999986,0.5374999999999981,1.9535550810506477,1.9535550810506477,1953.5550810506477
1,Synthetic HIC 100-to-0% B validation,48ecb9716f63dcbd4ec0b6021cd8f59fbe565bbe60968fc0e4290e934115b28b,9.75,9.75,9.75,1989.639642893898,Elution 1,1.0,15.625,15.625,26.249999999999943,15.625,26.249999999999943,1.3657553758856358,3.0,6.0,0.5249999999999989,29.999999999999723,0.5249999999999988,1.989639642893898,1.989639642893898,1989.639642893898
1,Synthetic HIC 100-to-0% B validation,48ecb9716f63dcbd4ec0b6021cd8f59fbe565bbe60968fc0e4290e934115b28b,9.8,9.8,9.8,1887.0383693454976,Elution 1,1.0,14.999999999999986,14.999999999999986,25.624999999999957,14.999999999999986,25.624999999999957,1.0328361644937236,3.0,6.0,0.5124999999999992,29.37499999999976,0.5124999999999991,1.8870383693454975,1.8870383693454975,1887.0383693454976
1,Synthetic HIC 100-to-0% B validation,48ecb9716f63dcbd4ec0b6021cd8f59fbe565bbe60968fc0e4290e934115b28b,9.85,9.85,9.85,1665.1744990499897,Elution 1,1.0,14.375,14.375,24.999999999999968,14.375,24.999999999999968,0.737882514692892,3.0,6.0,0.4999999999999994,28.74999999999982,0.49999999999999933,1.6651744990499897,1.6651744990499897,1665.1744990499897
1,Synthetic HIC 100-to-0% B validation,48ecb9716f63dcbd4ec0b6021cd8f59fbe565bbe60968fc0e4290e934115b28b,9.9,9.9,9.9,1365.7553758856359,Elution 1,1.0,13.75,13.75,24.37499999999998,13.75,24.37499999999998,0.505327877682813,3.0,6.0,0.4874999999999996,28.124999999999833,0.48749999999999954,1.3657553758856358,1.3657553758856358,1365.7553758856359
1,Synthetic HIC 100-to-0% B validation,48ecb9716f63dcbd4ec0b6021cd8f59fbe565bbe60968fc0e4290e934115b28b,9.95,9.95,9.95,1032.8361644937354,Elution 1,1.0,13.125000000000014,13.125000000000014,23.74999999999999,13.125000000000014,23.74999999999999,0.33452630539152195,3.0,6.0,0.4749999999999998,27.499999999999893,0.47499999999999976,1.0328361644937354,1.0328361644937354,1032.8361644937354
1,Synthetic HIC 100-to-0% B validation,48ecb9716f63dcbd4ec0b6021cd8f59fbe565bbe60968fc0e4290e934115b28b,10.0,10.0,10.0,737.882514692892,Elution 1,1.0,12.5,12.5,23.124999999999996,12.5,23.124999999999996,0.21523231152229422,3.0,6.0,0.4624999999999999,26.874999999999908,0.46249999999999997,0.737882514692892,0.737882514692892,737.882514692892
1,Synthetic HIC 100-to-0% B validation,48ecb9716f63dcbd4ec0b6021cd8f59fbe565bbe60968fc0e4290e934115b28b,10.05,10.05,10.05,505.327877682813,Elution 1,1.0,11.874999999999986,11.874999999999986,22.500000000000007,11.874999999999986,22.500000000000007,0.13510191050830736,3.0,6.0,0.4500000000000002,26.249999999999943,0.4500000000000002,0.505327877682813,0.505327877682813,505.327877682813
1,Synthetic HIC 100-to-0% B validation,48ecb9716f63dcbd4ec0b6021cd8f59fbe565bbe60968fc0e4290e934115b28b,10.1,10.1,10.1,334.52630539152193,Elution 1,1.0,11.25,11.25,21.87500000000001,11.25,21.87500000000001,0.08297296180248939,3.0,6.0,0.4375000000000002,25.62499999999998,0.4375000000000003,0.33452630539152195,0.33452630539152195,334.52630539152193
1,Synthetic HIC 100-to-0% B validation,48ecb9716f63dcbd4ec0b6021cd8f59fbe565bbe60968fc0e4290e934115b28b,10.15,10.15,10.15,215.23231152229422,Elution 1,1.0,10.625,10.625,21.25000000000001,10.625,21.25000000000001,0.049969784006832024,3.0,6.0,0.4250000000000002,24.999999999999968,0.42500000000000027,0.21523231152229422,0.21523231152229422,215.23231152229422
1,Synthetic HIC 100-to-0% B validation,48ecb9716f63dcbd4ec0b6021cd8f59fbe565bbe60968fc0e4290e934115b28b,10.2,10.2,10.2,135.10191050831023,Elution 1,1.0,10.000000000000014,10.000000000000014,20.62500000000001,10.000000000000014,20.62500000000001,0.029563732868254658,3.0,6.0,0.4125000000000002,24.375,0.4125000000000002,0.13510191050831022,0.13510191050831022,135.10191050831023
1,Synthetic HIC 100-to-0% B validation,48ecb9716f63dcbd4ec0b6021cd8f59fbe565bbe60968fc0e4290e934115b28b,10.25,10.25,10.25,82.9729618024894,Elution 1,1.0,9.375,9.375,20.00000000000001,9.375,20.00000000000001,0.01720827202512858,3.0,6.0,0.40000000000000024,23.74999999999999,0.40000000000000024,0.08297296180248939,0.08297296180248939,82.9729618024894
1,Synthetic HIC 100-to-0% B validation,48ecb9716f63dcbd4ec0b6021cd8f59fbe565bbe60968fc0e4290e934115b28b,10.3,10.3,10.3,49.96978400683202,Elution 1,1.0,8.749999999999986,8.749999999999986,19.37500000000001,8.749999999999986,19.37500000000001,0.009866900613422724,3.0,6.0,0.38750000000000023,23.124999999999996,0.3875000000000002,0.049969784006832024,0.049969784006832024,49.96978400683202
1,Synthetic HIC 100-to-0% B validation,48ecb9716f63dcbd4ec0b6021cd8f59fbe565bbe60968fc0e4290e934115b28b,10.35,10.35,10.35,29.563732868254657,Elution 1,1.0,8.125,8.125,18.750000000000007,8.125,18.750000000000007,0.005578886288570179,3.0,6.0,0.37500000000000017,22.50000000000003,0.37500000000000017,0.029563732868254658,0.029563732868254658,29.563732868254657
1,Synthetic HIC 100-to-0% B validation,48ecb9716f63dcbd4ec0b6021cd8f59fbe565bbe60968fc0e4290e934115b28b,10.4,10.4,10.4,17.20827202512858,Elution 1,1.0,7.5,7.5,18.125000000000007,7.5,18.125000000000007,0.003113379136851565,3.0,6.0,0.36250000000000016,21.87500000000001,0.36250000000000016,0.01720827202512858,0.01720827202512858,17.20827202512858
1,Synthetic HIC 100-to-0% B validation,48ecb9716f63dcbd4ec0b6021cd8f59fbe565bbe60968fc0e4290e934115b28b,10.45,10.45,10.45,9.866900613422985,Elution 1,1.0,6.875000000000014,6.875000000000014,17.500000000000007,6.875000000000014,17.500000000000007,0.0017162555633644014,3.0,6.0,0.35000000000000014,21.250000000000032,0.3500000000000001,0.009866900613422984,0.009866900613422984,9.866900613422985
1,Synthetic HIC 100-to-0% B validation,48ecb9716f63dcbd4ec0b6021cd8f59fbe565bbe60968fc0e4290e934115b28b,10.5,10.5,10.5,5.578886288570179,Elution 1,1.0,6.25,6.25,16.875000000000007,6.25,16.875000000000007,0.0009352061295000238,3.0,6.0,0.33750000000000013,20.62500000000001,0.3375000000000001,0.005578886288570179,0.005578886288570179,5.578886288570179
1,Synthetic HIC 100-to-0% B validation,48ecb9716f63dcbd4ec0b6021cd8f59fbe565bbe60968fc0e4290e934115b28b,10.55,10.55,10.55,3.1133791368515653,Elution 1,1.0,5.624999999999986,5.624999999999986,16.250000000000007,5.624999999999986,16.250000000000007,0.0005040730068603969,3.0,6.0,0.3250000000000001,20.00000000000001,0.32500000000000007,0.003113379136851565,0.003113379136851565,3.1133791368515653
1,Synthetic HIC 100-to-0% B validation,48ecb9716f63dcbd4ec0b6021cd8f59fbe565bbe60968fc0e4290e934115b28b,10.6,10.6,10.6,1.7162555633644014,Elution 1,1.0,5.0,5.0,15.625000000000005,5.0,15.625000000000005,0.00026890678153833645,3.0,6.0,0.3125000000000001,19.375000000000032,0.3125,0.0017162555633644014,0.0017162555633644014,1.7162555633644014
1,Synthetic HIC 100-to-0% B validation,48ecb9716f63dcbd4ec0b6021cd8f59fbe565bbe60968fc0e4290e934115b28b,10.65,10.65,10.65,0.9352061295000238,Elution 1,1.0,4.375,4.375,15.000000000000005,4.375,15.000000000000005,0.0001420632178136436,3.0,6.0,0.3000000000000001,18.750000000000007,0.3,0.0009352061295000238,0.0009352061295000238,0.9352061295000238
1,Synthetic HIC 100-to-0% B validation,48ecb9716f63dcbd4ec0b6021cd8f59fbe565bbe60968fc0e4290e934115b28b,10.7,10.7,10.7,0.5040730068604122,Elution 1,1.0,3.750000000000014,3.750000000000014,14.375000000000004,3.750000000000014,14.375000000000004,7.43641866524265e-05,3.0,6.0,0.2875000000000001,18.12500000000003,0.2875,0.0005040730068604123,0.0005040730068604123,0.5040730068604122
1,Synthetic HIC 100-to-0% B validation,48ecb9716f63dcbd4ec0b6021cd8f59fbe565bbe60968fc0e4290e934115b28b,10.75,10.75,10.75,0.26890678153833647,Elution 1,1.0,3.125,3.125,13.750000000000004,3.125,13.750000000000004,3.859317752883108e-05,3.0,6.0,0.2750000000000001,17.500000000000007,0.27499999999999997,0.00026890678153833645,0.00026890678153833645,0.26890678153833647
1,Synthetic HIC 100-to-0% B validation,48ecb9716f63dcbd4ec0b6021cd8f59fbe565bbe60968fc0e4290e934115b28b,10.8,10.8,10.8,0.14206321781364362,Elution 1,1.0,2.499999999999986,2.499999999999986,13.125000000000002,2.499999999999986,13.125000000000002,1.9863752958650307e-05,3.0,6.0,0.26250000000000007,16.875000000000007,0.26249999999999996,0.0001420632178136436,0.0001420632178136436,0.14206321781364362
1,Synthetic HIC 100-to-0% B validation,48ecb9716f63dcbd4ec0b6021cd8f59fbe565bbe60968fc0e4290e934115b28b,10.85,10.85,10.85,0.0743641866524265,Elution 1,1.0,1.875,1.875,12.5,1.875,12.5,1.014986433431089e-05,3.0,6.0,0.25,16.25000000000003,0.24999999999999994,7.43641866524265e-05,7.43641866524265e-05,0.0743641866524265
1,Synthetic HIC 100-to-0% B validation,48ecb9716f63dcbd4ec0b6021cd8f59fbe565bbe60968fc0e4290e934115b28b,10.9,10.9,10.9,0.03859317752883108,Elution 1,1.0,1.25,1.25,11.875,1.25,11.875,5.150078543812259e-06,3.0,6.0,0.23750000000000002,15.625000000000005,0.23749999999999996,3.859317752883108e-05,3.859317752883108e-05,0.03859317752883108
1,Synthetic HIC 100-to-0% B validation,48ecb9716f63dcbd4ec0b6021cd8f59fbe565bbe60968fc0e4290e934115b28b,10.95,10.95,10.95,0.01986375295865097,Elution 1,1.0,0.6250000000000142,0.6250000000000142,11.25,0.6250000000000142,11.25,2.5944207686917943e-06,3.0,6.0,0.225,15.000000000000028,0.22499999999999998,1.986375295865097e-05,1.986375295865097e-05,0.01986375295865097
1,Synthetic HIC 100-to-0% B validation,48ecb9716f63dcbd4ec0b6021cd8f59fbe565bbe60968fc0e4290e934115b28b,11.0,11.0,11.0,0.01014986433431089,Elution 2,1.0,0.0,0.0,10.624999999999998,0.0,10.624999999999998,1.301678221710395e-06,4.0,6.0,0.21249999999999997,14.375000000000004,0.21249999999999997,1.014986433431089e-05,1.014986433431089e-05,0.01014986433431089
1,Synthetic HIC 100-to-0% B validation,48ecb9716f63dcbd4ec0b6021cd8f59fbe565bbe60968fc0e4290e934115b28b,11.05,11.05,11.05,0.005150078543812259,Elution 2,1.0,0.0,0.0,10.000000000230845,0.0,10.000000000230845,6.531402625904066e-07,4.0,6.0,0.2000000000046169,13.750000000000004,0.20000000000461693,5.150078543812259e-06,5.150078543812259e-06,0.005150078543812259
1,Synthetic HIC 100-to-0% B validation,48ecb9716f63dcbd4ec0b6021cd8f59fbe565bbe60968fc0e4290e934115b28b,11.1,11.1,11.1,0.0025944207686917943,Elution 2,1.0,0.0,0.0,9.375000008946294,0.0,9.375000008946294,3.248592748387511e-07,4.0,6.0,0.1875000001789259,13.125000000000025,0.1875000001789259,2.5944207686917943e-06,2.5944207686917943e-06,0.0025944207686917943
1,Synthetic HIC 100-to-0% B validation,48ecb9716f63dcbd4ec0b6021cd8f59fbe565bbe60968fc0e4290e934115b28b,11.15,11.15,11.15,0.001301678221710395,Elution 2,1.0,0.0,0.0,8.749998304446718,0.0,8.749998304446718,1.6040080745130548e-07,4.0,6.0,0.17499996608893437,12.5,0.17499996608893437,1.301678221710395e-06,1.301678221710395e-06,0.001301678221710395
1,Synthetic HIC 100-to-0% B validation,48ecb9716f63dcbd4ec0b6021cd8f59fbe565bbe60968fc0e4290e934115b28b,11.2,11.2,11.2,0.0006531402625904296,Elution 2,1.0,0.0,0.0,8.124989550515874,0.0,8.124989550515874,8.121176662916356e-08,4.0,6.0,0.16249979101031747,11.875000000000021,0.16249979101031747,6.531402625904296e-07,6.531402625904296e-07,0.0006531402625904296
1,Synthetic HIC 100-to-0% B validation,48ecb9716f63dcbd4ec0b6021cd8f59fbe565bbe60968fc0e4290e934115b28b,11.25,11.25,11.25,0.0003248592748387511,Elution 2,1.0,0.0,0.0,7.500035889039477,0.0,7.500035889039477,4.3796061982556644e-08,4.0,6.0,0.15000071778078955,11.25,0.15000071778078958,3.248592748387511e-07,3.248592748387511e-07,0.0003248592748387511
1,Synthetic HIC 100-to-0% B validation,48ecb9716f63dcbd4ec0b6021cd8f59fbe565bbe60968fc0e4290e934115b28b,11.3,11.3,11.3,0.00016040080745130547,Elution 2,1.0,0.0,0.0,6.875366251801819,0.0,6.875366251801819,2.3951986819935563e-08,4.0,6.0,0.13750732503603638,10.624999999999998,0.1375073250360364,1.6040080745130548e-07,1.6040080745130548e-07,0.00016040080745130547
1,Synthetic HIC 100-to-0% B validation,48ecb9716f63dcbd4ec0b6021cd8f59fbe565bbe60968fc0e4290e934115b28b,11.35,11.35,11.35,8.121176662916356e-05,Elution 2,1.0,0.0,0.0,6.250966122623689,0.0,6.250966122623689,1.1980911410754967e-08,4.0,6.0,0.12501932245247377,10.000000000230866,0.1250193224524738,8.121176662916356e-08,8.121176662916356e-08,8.121176662916356e-05
1,Synthetic HIC 100-to-0% B validation,48ecb9716f63dcbd4ec0b6021cd8f59fbe565bbe60968fc0e4290e934115b28b,11.4,11.4,11.4,4.3796061982556646e-05,Elution 2,1.0,0.0,0.0,5.625503742393781,0.0,5.625503742393781,5.539683473781926e-09,4.0,6.0,0.11251007484787563,9.375000008946294,0.11251007484787566,4.3796061982556644e-08,4.3796061982556644e-08,4.3796061982556646e-05
1,Synthetic HIC 100-to-0% B validation,48ecb9716f63dcbd4ec0b6021cd8f59fbe565bbe60968fc0e4290e934115b28b,11.45,11.45,11.45,2.3951986819936267e-05,Elution 2,1.0,0.0,0.0,4.995961942507923,0.0,4.995961942507923,2.875785559781757e-09,4.0,6.0,0.09991923885015845,8.749998304446741,0.09991923885015848,2.3951986819936268e-08,2.3951986819936268e-08,2.3951986819936267e-05
1,Synthetic HIC 100-to-0% B validation,48ecb9716f63dcbd4ec0b6021cd8f59fbe565bbe60968fc0e4290e934115b28b,11.5,11.5,11.5,1.1980911410754968e-05,Elution 2,1.0,0.0,0.0,4.359728985144298,0.0,4.359728985144298,2.0197434581397527e-09,4.0,6.0,0.08719457970288597,8.124989550515874,0.087194579702886,1.1980911410754967e-08,1.1980911410754967e-08,1.1980911410754968e-05
1,Synthetic HIC 100-to-0% B validation,48ecb9716f63dcbd4ec0b6021cd8f59fbe565bbe60968fc0e4290e934115b28b,11.55,11.55,11.55,5.539683473781926e-06,Elution 2,1.0,0.0,0.0,3.7188874843331545,0.0,3.7188874843331545,1.1635845414993345e-09,4.0,6.0,0.0743777496866631,7.500035889039477,0.07437774968666312,5.539683473781926e-09,5.539683473781926e-09,5.539683473781926e-06
1,Synthetic HIC 100-to-0% B validation,48ecb9716f63dcbd4ec0b6021cd8f59fbe565bbe60968fc0e4290e934115b28b,11.6,11.6,11.6,2.8757855597817567e-06,Elution 2,1.0,0.0,0.0,3.0839742973745707,0.0,3.0839742973745707,4.0166779963737807e-10,4.0,6.0,0.06167948594749142,6.875366251801841,0.061679485947491446,2.875785559781757e-09,2.875785559781757e-09,2.8757855597817567e-06
1,Synthetic HIC 100-to-0% B validation,48ecb9716f63dcbd4ec0b6021cd8f59fbe565bbe60968fc0e4290e934115b28b,11.65,11.65,11.65,2.0197434581397526e-06,Elution 2,1.0,0.0,0.0,2.4742039527936437,0.0,2.4742039527936437,6.665894331170851e-11,4.0,6.0,0.049484079055872876,6.250966122623689,0.049484079055872876,2.0197434581397527e-09,2.0197434581397527e-09,2.0197434581397526e-06
1,Synthetic HIC 100-to-0% B validation,48ecb9716f63dcbd4ec0b6021cd8f59fbe565bbe60968fc0e4290e934115b28b,11.7,11.7,11.7,1.163584541499365e-06,Elution 2,1.0,0.0,0.0,1.9122499776346635,0.0,1.9122499776346635,3.5752829293510956e-11,4.0,6.0,0.038244999552693275,5.6255037423938035,0.038244999552693254,1.163584541499365e-09,1.163584541499365e-09,1.163584541499365e-06
1,Synthetic HIC 100-to-0% B validation,48ecb9716f63dcbd4ec0b6021cd8f59fbe565bbe60968fc0e4290e934115b28b,11.75,11.75,11.75,4.016677996373781e-07,Elution 2,1.0,0.0,0.0,1.4135961973292837,0.0,1.4135961973292837,8.802946457623283e-11,4.0,6.0,0.028271923946585675,4.995961942507923,0.028271923946585665,4.0166779963737807e-10,4.0166779963737807e-10,4.016677996373781e-07
1,Synthetic HIC 100-to-0% B validation,48ecb9716f63dcbd4ec0b6021cd8f59fbe565bbe60968fc0e4290e934115b28b,11.8,11.8,11.8,6.665894331170851e-08,Elution 2,1.0,0.0,0.0,1.0069270705875926,0.0,1.0069270705875926,7.681095313704815e-11,4.0,6.0,0.02013854141175185,4.359728985144298,0.020138541411751847,6.665894331170851e-11,6.665894331170851e-11,6.665894331170851e-08
1,Synthetic HIC 100-to-0% B validation,48ecb9716f63dcbd4ec0b6021cd8f59fbe565bbe60968fc0e4290e934115b28b,11.85,11.85,11.85,3.5752829293510956e-08,Elution 2,1.0,0.0,0.0,0.6945189548571762,0.0,0.6945189548571762,3.587710639981056e-11,4.0,6.0,0.013890379097143524,3.718887484333177,0.013890379097143524,3.5752829293510956e-11,3.5752829293510956e-11,3.5752829293510956e-08
1,Synthetic HIC 100-to-0% B validation,48ecb9716f63dcbd4ec0b6021cd8f59fbe565bbe60968fc0e4290e934115b28b,11.9,11.9,11.9,8.802946457623282e-08,Elution 2,1.0,0.0,0.0,0.46538686172009847,0.0,0.46538686172009847,9.925353646541766e-12,4.0,6.0,0.00930773723440197,3.0839742973745707,0.009307737234401972,8.802946457623283e-11,8.802946457623283e-11,8.802946457623282e-08
1,Synthetic HIC 100-to-0% B validation,48ecb9716f63dcbd4ec0b6021cd8f59fbe565bbe60968fc0e4290e934115b28b,11.95,11.95,11.95,7.681095313704855e-08,Elution 2,1.0,0.0,0.0,0.30421102785837106,0.0,0.30421102785837106,0.0,4.0,6.0,0.006084220557167421,2.4742039527936655,0.006084220557167423,7.681095313704856e-11,7.681095313704856e-11,7.681095313704855e-08
1,Synthetic HIC 100-to-0% B validation,48ecb9716f63dcbd4ec0b6021cd8f59fbe565bbe60968fc0e4290e934115b28b,12.0,12.0,12.0,3.587710639981056e-08,Elution 2,1.0,0.0,0.0,0.19497069526766136,0.0,0.19497069526766136,0.0,4.0,6.0,0.0038994139053532273,1.9122499776346635,0.003899413905353229,3.587710639981056e-11,3.587710639981056e-11,3.587710639981056e-08
1,Synthetic HIC 100-to-0% B validation,48ecb9716f63dcbd4ec0b6021cd8f59fbe565bbe60968fc0e4290e934115b28b,12.05,12.05,12.05,9.925353646541765e-09,Elution 2,1.0,0.0,0.0,0.12317459974228084,0.0,0.12317459974228084,0.0,4.0,6.0,0.002463491994845617,1.4135961973292837,0.0024634919948456173,9.925353646541766e-12,9.925353646541766e-12,9.925353646541765e-09
1,Synthetic HIC 100-to-0% B validation,48ecb9716f63dcbd4ec0b6021cd8f59fbe565bbe60968fc0e4290e934115b28b,12.1,12.1,12.1,0.0,Elution 2,1.0,0.0,0.0,0.07707144743552927,0.0,0.07707144743552927,0.0,4.0,6.0,0.0015414289487105854,1.006927070587607,0.0015414289487105856,0.0,0.0,0.0
1,Synthetic HIC 100-to-0% B validation,48ecb9716f63dcbd4ec0b6021cd8f59fbe565bbe60968fc0e4290e934115b28b,12.15,12.15,12.15,0.0,Elution 2,1.0,0.0,0.0,0.047928082281851594,0.0,0.047928082281851594,0.0,4.0,6.0,0.0009585616456370319,0.6945189548571762,0.0009585616456370321,0.0,0.0,0.0
1,Synthetic HIC 100-to-0% B validation,48ecb9716f63dcbd4ec0b6021cd8f59fbe565bbe60968fc0e4290e934115b28b,12.2,12.2,12.2,0.0,Elution 2,1.0,0.0,0.0,0.029679589161620716,0.0,0.029679589161620716,0.0,4.0,6.0,0.0005935917832324143,0.46538686172010657,0.0005935917832324144,0.0,0.0,0.0
1,Synthetic HIC 100-to-0% B validation,48ecb9716f63dcbd4ec0b6021cd8f59fbe565bbe60968fc0e4290e934115b28b,12.25,12.25,12.25,0.0,Elution 2,1.0,0.0,0.0,0.018315336501172893,0.0,0.018315336501172893,0.0,4.0,6.0,0.00036630673002345786,0.30421102785837106,0.0003663067300234579,0.0,0.0,0.0
1,Synthetic HIC 100-to-0% B validation,48ecb9716f63dcbd4ec0b6021cd8f59fbe565bbe60968fc0e4290e934115b28b,12.3,12.3,12.3,0.0,Elution 2,1.0,0.0,0.0,0.011264515673437114,0.0,0.011264515673437114,0.0,4.0,6.0,0.0002252903134687423,0.19497069526766136,0.0002252903134687424,0.0,0.0,0.0
1,Synthetic HIC 100-to-0% B validation,48ecb9716f63dcbd4ec0b6021cd8f59fbe565bbe60968fc0e4290e934115b28b,12.35,12.35,12.35,0.0,Elution 2,1.0,0.0,0.0,0.006905449234157118,0.0,0.006905449234157118,0.0,4.0,6.0,0.00013810898468314236,0.1231745997422834,0.00013810898468314246,0.0,0.0,0.0
1,Synthetic HIC 100-to-0% B validation,48ecb9716f63dcbd4ec0b6021cd8f59fbe565bbe60968fc0e4290e934115b28b,12.4,12.4,12.4,0.0,Elution 2,1.0,0.0,0.0,0.004221099574464247,0.0,0.004221099574464247,0.0,4.0,6.0,8.442199148928494e-05,0.07707144743552927,8.442199148928501e-05,0.0,0.0,0.0
1,Synthetic HIC 100-to-0% B validation,48ecb9716f63dcbd4ec0b6021cd8f59fbe565bbe60968fc0e4290e934115b28b,12.45,12.45,12.45,0.0,Elution 2,1.0,0.0,0.0,0.002574644288626378,0.0,0.002574644288626378,0.0,4.0,6.0,5.1492885772527565e-05,0.04792808228185263,5.149288577252761e-05,0.0,0.0,0.0
1,Synthetic HIC 100-to-0% B validation,48ecb9716f63dcbd4ec0b6021cd8f59fbe565bbe60968fc0e4290e934115b28b,12.5,12.5,12.5,0.0,Elution 2,1.0,0.0,0.0,0.0015682187156574065,0.0,0.0015682187156574065,0.0,4.0,6.0,3.136437431314813e-05,0.029679589161620716,3.136437431314816e-05,0.0,0.0,0.0
1,Synthetic HIC 100-to-0% B validation,48ecb9716f63dcbd4ec0b6021cd8f59fbe565bbe60968fc0e4290e934115b28b,12.55,12.55,12.55,0.0,Elution 2,1.0,0.0,0.0,0.0009544638951843264,0.0,0.0009544638951843264,0.0,4.0,6.0,1.908927790368653e-05,0.018315336501172893,1.9089277903686547e-05,0.0,0.0,0.0
1,Synthetic HIC 100-to-0% B validation,48ecb9716f63dcbd4ec0b6021cd8f59fbe565bbe60968fc0e4290e934115b28b,12.6,12.6,12.6,0.0,Elution 2,1.0,0.0,0.0,0.0005806432306130531,0.0,0.0005806432306130531,0.0,4.0,6.0,1.1612864612261063e-05,0.011264515673437364,1.1612864612261074e-05,0.0,0.0,0.0
1,Synthetic HIC 100-to-0% B validation,48ecb9716f63dcbd4ec0b6021cd8f59fbe565bbe60968fc0e4290e934115b28b,12.65,12.65,12.65,0.0,Elution 2,1.0,0.0,0.0,0.0003530787423051311,0.0,0.0003530787423051311,0.0,4.0,6.0,7.061574846102622e-06,0.006905449234157118,7.061574846102631e-06,0.0,0.0,0.0
1,Synthetic HIC 100-to-0% B validation,48ecb9716f63dcbd4ec0b6021cd8f59fbe565bbe60968fc0e4290e934115b28b,12.7,12.7,12.7,0.0,Elution 2,1.0,0.0,0.0,0.00021459120331554675,0.0,0.00021459120331554675,0.0,4.0,6.0,4.291824066310935e-06,0.004221099574464342,4.291824066310941e-06,0.0,0.0,0.0
1,Synthetic HIC 100-to-0% B validation,48ecb9716f63dcbd4ec0b6021cd8f59fbe565bbe60968fc0e4290e934115b28b,12.75,12.75,12.75,0.0,Elution 2,1.0,0.0,0.0,0.0001303498345635438,0.0,0.0001303498345635438,0.0,4.0,6.0,2.606996691270876e-06,0.002574644288626378,2.606996691270879e-06,0.0,0.0,0.0
1,Synthetic HIC 100-to-0% B validation,48ecb9716f63dcbd4ec0b6021cd8f59fbe565bbe60968fc0e4290e934115b28b,12.8,12.8,12.8,0.0,Elution 2,1.0,0.0,0.0,7.914155718905818e-05,0.0,7.914155718905818e-05,0.0,4.0,6.0,1.5828311437811635e-06,0.0015682187156574065,1.5828311437811655e-06,0.0,0.0,0.0
1,Synthetic HIC 100-to-0% B validation,48ecb9716f63dcbd4ec0b6021cd8f59fbe565bbe60968fc0e4290e934115b28b,12.85,12.85,12.85,0.0,Elution 2,1.0,0.0,0.0,4.803554869544371e-05,0.0,4.803554869544371e-05,0.0,4.0,6.0,9.607109739088743e-07,0.0009544638951843482,9.60710973908875e-07,0.0,0.0,0.0
1,Synthetic HIC 100-to-0% B validation,48ecb9716f63dcbd4ec0b6021cd8f59fbe565bbe60968fc0e4290e934115b28b,12.9,12.9,12.9,0.0,Elution 2,1.0,0.0,0.0,2.9153041341902985e-05,0.0,2.9153041341902985e-05,0.0,4.0,6.0,5.830608268380598e-07,0.0005806432306130531,5.8306082683806e-07,0.0,0.0,0.0
1,Synthetic HIC 100-to-0% B validation,48ecb9716f63dcbd4ec0b6021cd8f59fbe565bbe60968fc0e4290e934115b28b,12.95,12.95,12.95,0.0,Elution 2,1.0,0.0,0.0,1.7692871340947297e-05,0.0,1.7692871340947297e-05,0.0,4.0,6.0,3.5385742681894597e-07,0.0003530787423051392,3.5385742681894623e-07,0.0,0.0,0.0
1,Synthetic HIC 100-to-0% B validation,48ecb9716f63dcbd4ec0b6021cd8f59fbe565bbe60968fc0e4290e934115b28b,13.0,13.0,13.0,0.0,Elution 2,1.0,0.0,0.0,1.0738296861687125e-05,0.0,1.0738296861687125e-05,0.0,4.0,6.0,2.147659372337425e-07,0.00021459120331554675,2.1476593723374257e-07,0.0,0.0,0.0
1,Synthetic HIC 100-to-0% B validation,48ecb9716f63dcbd4ec0b6021cd8f59fbe565bbe60968fc0e4290e934115b28b,13.05,13.05,13.05,0.0,Elution 2,1.0,0.0,0.0,6.517936382537721e-06,0.0,6.517936382537721e-06,0.0,4.0,6.0,1.3035872765075442e-07,0.0001303498345635438,1.3035872765075447e-07,0.0,0.0,0.0
1,Synthetic HIC 100-to-0% B validation,48ecb9716f63dcbd4ec0b6021cd8f59fbe565bbe60968fc0e4290e934115b28b,13.1,13.1,13.1,0.0,Elution 2,1.0,0.0,0.0,3.9556267211092975e-06,0.0,3.9556267211092975e-06,0.0,4.0,6.0,7.911253442218595e-08,7.914155718906e-05,7.9112534422186e-08,0.0,0.0,0.0
1,Synthetic HIC 100-to-0% B validation,48ecb9716f63dcbd4ec0b6021cd8f59fbe565bbe60968fc0e4290e934115b28b,13.15,13.15,13.15,0.0,Elution 2,1.0,0.0,0.0,2.40052168484038e-06,0.0,2.40052168484038e-06,0.0,4.0,6.0,4.80104336968076e-08,4.803554869544371e-05,4.801043369680762e-08,0.0,0.0,0.0
1,Synthetic HIC 100-to-0% B validation,48ecb9716f63dcbd4ec0b6021cd8f59fbe565bbe60968fc0e4290e934115b28b,13.2,13.2,13.2,0.0,Elution 2,1.0,0.0,0.0,1.4573322352239387e-06,0.0,1.4573322352239387e-06,0.0,4.0,6.0,2.9146644704478776e-08,2.9153041341903656e-05,2.9146644704478816e-08,0.0,0.0,0.0
1,Synthetic HIC 100-to-0% B validation,48ecb9716f63dcbd4ec0b6021cd8f59fbe565bbe60968fc0e4290e934115b28b,13.25,13.25,13.25,0.0,Elution 2,1.0,0.0,0.0,8.847342408941948e-07,0.0,8.847342408941948e-07,0.0,4.0,6.0,1.7694684817883896e-08,1.7692871340947297e-05,1.7694684817883916e-08,0.0,0.0,0.0
1,Synthetic HIC 100-to-0% B validation,48ecb9716f63dcbd4ec0b6021cd8f59fbe565bbe60968fc0e4290e934115b28b,13.3,13.3,13.3,0.0,Elution 2,1.0,0.0,0.0,5.369358167770461e-07,0.0,5.369358167770461e-07,0.0,4.0,6.0,1.0738716335540922e-08,1.0738296861687125e-05,1.073871633554092e-08,0.0,0.0,0.0
1,Synthetic HIC 100-to-0% B validation,48ecb9716f63dcbd4ec0b6021cd8f59fbe565bbe60968fc0e4290e934115b28b,13.35,13.35,13.35,0.0,Elution 2,1.0,0.0,0.0,3.2605669713199826e-07,0.0,3.2605669713199826e-07,0.0,4.0,6.0,6.521133942639965e-09,6.517936382537871e-06,6.521133942639975e-09,0.0,0.0,0.0
1,Synthetic HIC 100-to-0% B validation,48ecb9716f63dcbd4ec0b6021cd8f59fbe565bbe60968fc0e4290e934115b28b,13.4,13.4,13.4,0.0,Elution 2,1.0,0.0,0.0,1.9858855841228063e-07,0.0,1.9858855841228063e-07,0.0,4.0,6.0,3.971771168245612e-09,3.9556267211092975e-06,3.971771168245635e-09,0.0,0.0,0.0
1,Synthetic HIC 100-to-0% B validation,48ecb9716f63dcbd4ec0b6021cd8f59fbe565bbe60968fc0e4290e934115b28b,13.45,13.45,13.45,0.0,Elution 2,1.0,0.0,0.0,1.2122115002175505e-07,0.0,1.2122115002175505e-07,0.0,4.0,6.0,2.424423000435101e-09,2.400521684840435e-06,2.424423000435108e-09,0.0,0.0,0.0
1,Synthetic HIC 100-to-0% B validation,48ecb9716f63dcbd4ec0b6021cd8f59fbe565bbe60968fc0e4290e934115b28b,13.5,13.5,13.5,0.0,Elution 2,1.0,0.0,0.0,7.387062214961335e-08,0.0,7.387062214961335e-08,0.0,4.0,6.0,1.477412442992267e-09,1.4573322352239387e-06,1.477412442992257e-09,0.0,0.0,0.0
1,Synthetic HIC 100-to-0% B validation,48ecb9716f63dcbd4ec0b6021cd8f59fbe565bbe60968fc0e4290e934115b28b,13.55,13.55,13.55,0.0,Elution 2,1.0,0.0,0.0,4.490473116651891e-08,0.0,4.490473116651891e-08,0.0,4.0,6.0,8.980946233303782e-10,8.847342408941948e-07,8.980946233303747e-10,0.0,0.0,0.0
1,Synthetic HIC 100-to-0% B validation,48ecb9716f63dcbd4ec0b6021cd8f59fbe565bbe60968fc0e4290e934115b28b,13.6,13.6,13.6,0.0,Elution 2,1.0,0.0,0.0,2.7357817814663842e-08,0.0,2.7357817814663842e-08,0.0,4.0,6.0,5.471563562932768e-10,5.369358167770585e-07,5.471563562932845e-10,0.0,0.0,0.0
1,Synthetic HIC 100-to-0% B validation,48ecb9716f63dcbd4ec0b6021cd8f59fbe565bbe60968fc0e4290e934115b28b,13.65,13.65,13.65,0.0,Elution 2,1.0,0.0,0.0,1.7037899460705023e-08,0.0,1.7037899460705023e-08,0.0,4.0,6.0,3.4075798921410047e-10,3.2605669713199826e-07,3.4075798921410817e-10,0.0,0.0,0.0
1,Synthetic HIC 100-to-0% B validation,48ecb9716f63dcbd4ec0b6021cd8f59fbe565bbe60968fc0e4290e934115b28b,13.7,13.7,13.7,0.0,Elution 2,1.0,0.0,0.0,1.0884287455435005e-08,0.0,1.0884287455435005e-08,0.0,4.0,6.0,2.176857491087001e-10,1.9858855841228515e-07,2.1768574910869665e-10,0.0,0.0,0.0
1,Synthetic HIC 100-to-0% B validation,48ecb9716f63dcbd4ec0b6021cd8f59fbe565bbe60968fc0e4290e934115b28b,13.75,13.75,13.75,0.0,Elution 2,1.0,0.0,0.0,7.180195984114217e-09,0.0,7.180195984114217e-09,0.0,4.0,6.0,1.4360391968228434e-10,1.2122115002175505e-07,1.4360391968227012e-10,0.0,0.0,0.0
1,Synthetic HIC 100-to-0% B validation,48ecb9716f63dcbd4ec0b6021cd8f59fbe565bbe60968fc0e4290e934115b28b,13.8,13.8,13.8,0.0,Elution 2,1.0,0.0,0.0,4.718899432808327e-09,0.0,4.718899432808327e-09,0.0,4.0,6.0,9.437798865616653e-11,7.387062214961335e-08,9.437798865615108e-11,0.0,0.0,0.0
1,Synthetic HIC 100-to-0% B validation,48ecb9716f63dcbd4ec0b6021cd8f59fbe565bbe60968fc0e4290e934115b28b,13.85,13.85,13.85,0.0,Elution 2,1.0,0.0,0.0,2.928841263601955e-09,0.0,2.928841263601955e-09,0.0,4.0,6.0,5.85768252720391e-11,4.490473116651994e-08,5.857682527203583e-11,0.0,0.0,0.0
1,Synthetic HIC 100-to-0% B validation,48ecb9716f63dcbd4ec0b6021cd8f59fbe565bbe60968fc0e4290e934115b28b,13.9,13.9,13.9,0.0,Elution 2,1.0,0.0,0.0,1.7415961851639455e-09,0.0,1.7415961851639455e-09,0.0,4.0,6.0,3.483192370327891e-11,2.7357817814663842e-08,3.483192370328571e-11,0.0,0.0,0.0
1,Synthetic HIC 100-to-0% B validation,48ecb9716f63dcbd4ec0b6021cd8f59fbe565bbe60968fc0e4290e934115b28b,13.95,13.95,13.95,0.0,Elution 2,1.0,0.0,0.0,1.0293978995247278e-09,0.0,1.0293978995247278e-09,0.0,4.0,6.0,2.0587957990494555e-11,1.703789946070539e-08,2.0587957990504433e-11,0.0,0.0,0.0
1,Synthetic HIC 100-to-0% B validation,48ecb9716f63dcbd4ec0b6021cd8f59fbe565bbe60968fc0e4290e934115b28b,14.0,14.0,14.0,0.0,Elution 2,1.0,0.0,0.0,6.632533239823749e-10,0.0,6.632533239823749e-10,0.0,4.0,6.0,1.3265066479647497e-11,1.0884287455435005e-08,1.326506647965034e-11,0.0,0.0,0.0
1,Synthetic HIC 100-to-0% B validation,48ecb9716f63dcbd4ec0b6021cd8f59fbe565bbe60968fc0e4290e934115b28b,14.05,14.05,14.05,0.0,Elution 2,1.0,0.0,0.0,5.182890774390001e-10,0.0,5.182890774390001e-10,0.0,4.0,6.0,1.0365781548780002e-11,7.180195984114217e-09,1.0365781548772871e-11,0.0,0.0,0.0
1,Synthetic HIC 100-to-0% B validation,48ecb9716f63dcbd4ec0b6021cd8f59fbe565bbe60968fc0e4290e934115b28b,14.1,14.1,14.1,0.0,Elution 2,1.0,0.0,0.0,4.726015625067897e-10,0.0,4.726015625067897e-10,0.0,4.0,6.0,9.452031250135793e-12,4.718899432808414e-09,9.452031250122405e-12,0.0,0.0,0.0
1,Synthetic HIC 100-to-0% B validation,48ecb9716f63dcbd4ec0b6021cd8f59fbe565bbe60968fc0e4290e934115b28b,14.15,14.15,14.15,0.0,Elution 2,1.0,0.0,0.0,3.6698182245942055e-10,0.0,3.6698182245942055e-10,0.0,4.0,6.0,7.33963644918841e-12,2.928841263601955e-09,7.339636449189214e-12,0.0,0.0,0.0
1,Synthetic HIC 100-to-0% B validation,48ecb9716f63dcbd4ec0b6021cd8f59fbe565bbe60968fc0e4290e934115b28b,14.2,14.2,14.2,0.0,Elution 2,1.0,0.0,0.0,2.9720468938792096e-10,0.0,2.9720468938792096e-10,0.0,4.0,6.0,5.944093787758419e-12,1.7415961851639877e-09,5.944093787760716e-12,0.0,0.0,0.0
1,Synthetic HIC 100-to-0% B validation,48ecb9716f63dcbd4ec0b6021cd8f59fbe565bbe60968fc0e4290e934115b28b,14.25,14.25,14.25,0.0,Elution 2,1.0,0.0,0.0,1.9676916435329046e-10,0.0,1.9676916435329046e-10,0.0,4.0,6.0,3.935383287065809e-12,1.0293978995247278e-09,3.935383287061263e-12,0.0,0.0,0.0
1,Synthetic HIC 100-to-0% B validation,48ecb9716f63dcbd4ec0b6021cd8f59fbe565bbe60968fc0e4290e934115b28b,14.3,14.3,14.3,0.0,Elution 2,1.0,0.0,0.0,7.65063786161918e-11,0.0,7.65063786161918e-11,0.0,4.0,6.0,1.5301275723238361e-12,6.632533239823749e-10,1.530127572290867e-12,0.0,0.0,0.0
1,Synthetic HIC 100-to-0% B validation,48ecb9716f63dcbd4ec0b6021cd8f59fbe565bbe60968fc0e4290e934115b28b,14.35,14.35,14.35,0.0,Elution 2,1.0,0.0,0.0,-2.409990516204253e-11,0.0,0.0,0.0,4.0,6.0,0.0,5.182890774390053e-10,0.0,0.0,0.0,0.0
1,Synthetic HIC 100-to-0% B validation,48ecb9716f63dcbd4ec0b6021cd8f59fbe565bbe60968fc0e4290e934115b28b,14.4,14.4,14.4,0.0,Elution 2,1.0,0.0,0.0,-5.84506337656212e-11,0.0,0.0,0.0,4.0,6.0,0.0,4.726015625067897e-10,0.0,0.0,0.0,0.0
1,Synthetic HIC 100-to-0% B validation,48ecb9716f63dcbd4ec0b6021cd8f59fbe565bbe60968fc0e4290e934115b28b,14.45,14.45,14.45,0.0,Elution 2,1.0,0.0,0.0,-9.256420932143203e-11,0.0,0.0,0.0,4.0,6.0,0.0,3.669818224594243e-10,0.0,0.0,0.0,0.0
1,Synthetic HIC 100-to-0% B validation,48ecb9716f63dcbd4ec0b6021cd8f59fbe565bbe60968fc0e4290e934115b28b,14.5,14.5,14.5,0.0,Elution 2,1.0,0.0,0.0,-7.646951210243543e-11,0.0,0.0,0.0,4.0,6.0,0.0,2.9720468938792096e-10,0.0,0.0,0.0,0.0
1,Synthetic HIC 100-to-0% B validation,48ecb9716f63dcbd4ec0b6021cd8f59fbe565bbe60968fc0e4290e934115b28b,14.55,14.55,14.55,0.0,Elution 2,1.0,0.0,0.0,-4.7360030130326916e-11,0.0,0.0,0.0,4.0,6.0,0.0,1.9676916435329046e-10,0.0,0.0,0.0,0.0
1,Synthetic HIC 100-to-0% B validation,48ecb9716f63dcbd4ec0b6021cd8f59fbe565bbe60968fc0e4290e934115b28b,14.6,14.6,14.6,0.0,Elution 2,1.0,0.0,0.0,-1.5821606722955713e-11,0.0,0.0,0.0,4.0,6.0,0.0,7.650637861619607e-11,0.0,0.0,0.0,0.0
1,Synthetic HIC 100-to-0% B validation,48ecb9716f63dcbd4ec0b6021cd8f59fbe565bbe60968fc0e4290e934115b28b,14.65,14.65,14.65,0.0,Elution 2,1.0,0.0,0.0,1.7522011571818208e-11,0.0,1.7522011571818208e-11,0.0,4.0,6.0,3.504402314363642e-13,0.0,3.504402375318525e-13,0.0,0.0,0.0
1,Synthetic HIC 100-to-0% B validation,48ecb9716f63dcbd4ec0b6021cd8f59fbe565bbe60968fc0e4290e934115b28b,14.7,14.7,14.7,0.0,Elution 2,1.0,0.0,0.0,4.191281976274383e-11,0.0,4.191281976274383e-11,0.0,4.0,6.0,8.382563952548766e-13,0.0,8.382564015044697e-13,0.0,0.0,0.0
1,Synthetic HIC 100-to-0% B validation,48ecb9716f63dcbd4ec0b6021cd8f59fbe565bbe60968fc0e4290e934115b28b,14.75,14.75,14.75,0.0,Elution 2,1.0,0.0,0.0,5.1526489334338466e-11,0.0,5.1526489334338466e-11,0.0,4.0,6.0,1.0305297866867693e-12,0.0,1.0305297913825153e-12,0.0,0.0,0.0
1,Synthetic HIC 100-to-0% B validation,48ecb9716f63dcbd4ec0b6021cd8f59fbe565bbe60968fc0e4290e934115b28b,14.8,14.8,14.8,0.0,Elution 2,1.0,0.0,0.0,4.39932110509449e-11,0.0,4.39932110509449e-11,0.0,4.0,6.0,8.79864221018898e-13,0.0,8.798642224711333e-13,0.0,0.0,0.0
1,Synthetic HIC 100-to-0% B validation,48ecb9716f63dcbd4ec0b6021cd8f59fbe565bbe60968fc0e4290e934115b28b,14.85,14.85,14.85,0.0,Elution 2,1.0,0.0,0.0,4.26622562136745e-11,0.0,4.26622562136745e-11,0.0,4.0,6.0,8.5324512427349e-13,0.0,8.532451234125766e-13,0.0,0.0,0.0
1,Synthetic HIC 100-to-0% B validation,48ecb9716f63dcbd4ec0b6021cd8f59fbe565bbe60968fc0e4290e934115b28b,14.9,14.9,14.9,0.0,Elution 2,1.0,0.0,0.0,3.431403994256e-11,0.0,3.431403994256e-11,0.0,4.0,6.0,6.862807988512e-13,0.0,6.862807955282268e-13,0.0,0.0,0.0
1,Synthetic HIC 100-to-0% B validation,48ecb9716f63dcbd4ec0b6021cd8f59fbe565bbe60968fc0e4290e934115b28b,14.95,14.95,14.95,0.0,Elution 2,1.0,0.0,0.0,1.8271798279487106e-11,0.0,1.8271798279487106e-11,0.0,4.0,6.0,3.6543596558974213e-13,1.7522011571817587e-11,3.6543595984666374e-13,0.0,0.0,0.0
1,Synthetic HIC 100-to-0% B validation,48ecb9716f63dcbd4ec0b6021cd8f59fbe565bbe60968fc0e4290e934115b28b,15.0,15.0,15.0,0.0,Elution 2,1.0,0.0,0.0,6.821273623252261e-12,0.0,6.821273623252261e-12,0.0,4.0,6.0,1.3642547246504523e-13,4.191281976274383e-11,1.3642546715255683e-13,0.0,0.0,0.0
