Run_Number,Run_Name,LSQ_Chromatogram_CSV,Load_Flow_mL_min,Feed_Concentration_mg_mL,Load_Amount_Basis,Load_CV,Load_Density_mg_mL_resin,Load_Mode,Load_Start_Percent_B,Load_End_Percent_B,Load_Chemistry_Control,Time_Steps,Axial_Positions,Load_Source,Load_pH,Load_Salt_M,Load_Conductivity_mS_cm,PLW_Count,Elution_Count,BufferA_Name,BufferA_pH,BufferA_Salt_M,BufferA_Conductivity_mS_cm,BufferA_Ionic_Strength_Source,BufferA_Ion1_Species,BufferA_Ion1_Concentration_M,BufferA_Ion1_Valency,BufferA_Ion2_Species,BufferA_Ion2_Concentration_M,BufferA_Ion2_Valency,BufferA_Ion3_Species,BufferA_Ion3_Concentration_M,BufferA_Ion3_Valency,BufferA_Ion4_Species,BufferA_Ion4_Concentration_M,BufferA_Ion4_Valency,BufferB_Name,BufferB_pH,BufferB_Salt_M,BufferB_Conductivity_mS_cm,BufferB_Ionic_Strength_Source,BufferB_Ion1_Species,BufferB_Ion1_Concentration_M,BufferB_Ion1_Valency,BufferB_Ion2_Species,BufferB_Ion2_Concentration_M,BufferB_Ion2_Valency,BufferB_Ion3_Species,BufferB_Ion3_Concentration_M,BufferB_Ion3_Valency,BufferB_Ion4_Species,BufferB_Ion4_Concentration_M,BufferB_Ion4_Valency,PLW1_Mode,PLW1_CV,PLW1_Flow_mL_min,PLW1_Chemistry_Control,PLW1_Start_Percent_B,PLW1_End_Percent_B,PLW1_Start_Source,PLW1_Start_pH,PLW1_Start_Salt_M,PLW1_Start_Conductivity_mS_cm,PLW1_End_Source,PLW1_End_pH,PLW1_End_Salt_M,PLW1_End_Conductivity_mS_cm,PLW2_Mode,PLW2_CV,PLW2_Flow_mL_min,PLW2_Chemistry_Control,PLW2_Start_Percent_B,PLW2_End_Percent_B,PLW2_Start_Source,PLW2_Start_pH,PLW2_Start_Salt_M,PLW2_Start_Conductivity_mS_cm,PLW2_End_Source,PLW2_End_pH,PLW2_End_Salt_M,PLW2_End_Conductivity_mS_cm,PLW3_Mode,PLW3_CV,PLW3_Flow_mL_min,PLW3_Chemistry_Control,PLW3_Start_Percent_B,PLW3_End_Percent_B,PLW3_Start_Source,PLW3_Start_pH,PLW3_Start_Salt_M,PLW3_Start_Conductivity_mS_cm,PLW3_End_Source,PLW3_End_pH,PLW3_End_Salt_M,PLW3_End_Conductivity_mS_cm,PLW4_Mode,PLW4_CV,PLW4_Flow_mL_min,PLW4_Chemistry_Control,PLW4_Start_Percent_B,PLW4_End_Percent_B,PLW4_Start_Source,PLW4_Start_pH,PLW4_Start_Salt_M,PLW4_Start_Conductivity_mS_cm,PLW4_End_Source,PLW4_End_pH,PLW4_End_Salt_M,PLW4_End_Conductivity_mS_cm,PLW5_Mode,PLW5_CV,PLW5_Flow_mL_min,PLW5_Chemistry_Control,PLW5_Start_Percent_B,PLW5_End_Percent_B,PLW5_Start_Source,PLW5_Start_pH,PLW5_Start_Salt_M,PLW5_Start_Conductivity_mS_cm,PLW5_End_Source,PLW5_End_pH,PLW5_End_Salt_M,PLW5_End_Conductivity_mS_cm,Elution1_Mode,Elution1_CV,Elution1_Flow_mL_min,Elution1_Chemistry_Control,Elution1_Start_Percent_B,Elution1_End_Percent_B,Elution1_Start_Source,Elution1_Start_pH,Elution1_Start_Salt_M,Elution1_Start_Conductivity_mS_cm,Elution1_End_Source,Elution1_End_pH,Elution1_End_Salt_M,Elution1_End_Conductivity_mS_cm,Elution2_Mode,Elution2_CV,Elution2_Flow_mL_min,Elution2_Chemistry_Control,Elution2_Start_Percent_B,Elution2_End_Percent_B,Elution2_Start_Source,Elution2_Start_pH,Elution2_Start_Salt_M,Elution2_Start_Conductivity_mS_cm,Elution2_End_Source,Elution2_End_pH,Elution2_End_Salt_M,Elution2_End_Conductivity_mS_cm,Elution3_Mode,Elution3_CV,Elution3_Flow_mL_min,Elution3_Chemistry_Control,Elution3_Start_Percent_B,Elution3_End_Percent_B,Elution3_Start_Source,Elution3_Start_pH,Elution3_Start_Salt_M,Elution3_Start_Conductivity_mS_cm,Elution3_End_Source,Elution3_End_pH,Elution3_End_Salt_M,Elution3_End_Conductivity_mS_cm,Elution4_Mode,Elution4_CV,Elution4_Flow_mL_min,Elution4_Chemistry_Control,Elution4_Start_Percent_B,Elution4_End_Percent_B,Elution4_Start_Source,Elution4_Start_pH,Elution4_Start_Salt_M,Elution4_Start_Conductivity_mS_cm,Elution4_End_Source,Elution4_End_pH,Elution4_End_Salt_M,Elution4_End_Conductivity_mS_cm,Elution5_Mode,Elution5_CV,Elution5_Flow_mL_min,Elution5_Chemistry_Control,Elution5_Start_Percent_B,Elution5_End_Percent_B,Elution5_Start_Source,Elution5_Start_pH,Elution5_Start_Salt_M,Elution5_Start_Conductivity_mS_cm,Elution5_End_Source,Elution5_End_pH,Elution5_End_Salt_M,Elution5_End_Conductivity_mS_cm
1,Verified HIC example (synthetic parameters),,1.0,1.0,LOAD_VOLUME,1.0,1.0,SET_POINT,100.0,100.0,BUFFER_B_PERCENT,700,20,BUFFER_B,6.0,,100.0,1,2,Low-salt Buffer A,6.0,,0.0,SALT_PROXY,,,,,,,,,,,,,High-salt Buffer B,6.0,,100.0,SALT_PROXY,,,,,,,,,,,,,SET_POINT,2.0,1.0,BUFFER_B_PERCENT,100.0,100.0,BUFFER_A,6.0,,5.0,BUFFER_A,6.0,,5.0,SET_POINT,1.0,1.0,BUFFER_B_PERCENT,0.0,0.0,BUFFER_A,6.0,,5.0,BUFFER_A,6.0,,5.0,SET_POINT,1.0,1.0,BUFFER_B_PERCENT,0.0,0.0,BUFFER_A,6.0,,5.0,BUFFER_A,6.0,,5.0,SET_POINT,1.0,1.0,BUFFER_B_PERCENT,0.0,0.0,BUFFER_A,6.0,,5.0,BUFFER_A,6.0,,5.0,SET_POINT,1.0,1.0,BUFFER_B_PERCENT,0.0,0.0,BUFFER_A,6.0,,5.0,BUFFER_A,6.0,,5.0,LINEAR,8.0,1.0,BUFFER_B_PERCENT,100.0,0.0,BUFFER_A,6.0,,5.0,BUFFER_B,6.0,,100.0,SET_POINT,4.0,1.0,BUFFER_B_PERCENT,0.0,0.0,BUFFER_A,6.0,,5.0,BUFFER_A,6.0,,5.0,SET_POINT,1.0,1.0,BUFFER_B_PERCENT,0.0,0.0,BUFFER_A,6.0,,5.0,BUFFER_A,6.0,,5.0,SET_POINT,1.0,1.0,BUFFER_B_PERCENT,0.0,0.0,BUFFER_A,6.0,,5.0,BUFFER_A,6.0,,5.0,SET_POINT,1.0,1.0,BUFFER_B_PERCENT,0.0,0.0,BUFFER_A,6.0,,5.0,BUFFER_A,6.0,,5.0
2,Run 2,,1.0,1.0,LOAD_VOLUME,10.0,10.0,LINEAR,0.0,0.0,BUFFER_B_PERCENT,700,40,BUFFER_A,6.0,,5.0,1,1,Buffer A,6.0,,5.0,SALT_PROXY,Na+,0.05,1,Cl-,0.05,-1,,,,,,,Buffer B,6.0,,100.0,SALT_PROXY,Na+,1.0,1,Cl-,1.0,-1,,,,,,,SET_POINT,2.0,1.0,BUFFER_B_PERCENT,0.0,0.0,BUFFER_A,6.0,,5.0,BUFFER_A,6.0,,5.0,SET_POINT,1.0,1.0,BUFFER_B_PERCENT,0.0,0.0,BUFFER_A,6.0,,5.0,BUFFER_A,6.0,,5.0,SET_POINT,1.0,1.0,BUFFER_B_PERCENT,0.0,0.0,BUFFER_A,6.0,,5.0,BUFFER_A,6.0,,5.0,SET_POINT,1.0,1.0,BUFFER_B_PERCENT,0.0,0.0,BUFFER_A,6.0,,5.0,BUFFER_A,6.0,,5.0,SET_POINT,1.0,1.0,BUFFER_B_PERCENT,0.0,0.0,BUFFER_A,6.0,,5.0,BUFFER_A,6.0,,5.0,LINEAR,10.0,1.0,BUFFER_B_PERCENT,0.0,100.0,BUFFER_A,6.0,,5.0,BUFFER_B,6.0,,100.0,SET_POINT,1.0,1.0,BUFFER_B_PERCENT,0.0,0.0,BUFFER_A,6.0,,5.0,BUFFER_A,6.0,,5.0,SET_POINT,1.0,1.0,BUFFER_B_PERCENT,0.0,0.0,BUFFER_A,6.0,,5.0,BUFFER_A,6.0,,5.0,SET_POINT,1.0,1.0,BUFFER_B_PERCENT,0.0,0.0,BUFFER_A,6.0,,5.0,BUFFER_A,6.0,,5.0,SET_POINT,1.0,1.0,BUFFER_B_PERCENT,0.0,0.0,BUFFER_A,6.0,,5.0,BUFFER_A,6.0,,5.0
3,Run 3,,1.0,1.0,LOAD_VOLUME,10.0,10.0,LINEAR,0.0,0.0,BUFFER_B_PERCENT,700,40,BUFFER_A,6.0,,5.0,1,1,Buffer A,6.0,,5.0,SALT_PROXY,Na+,0.05,1,Cl-,0.05,-1,,,,,,,Buffer B,6.0,,100.0,SALT_PROXY,Na+,1.0,1,Cl-,1.0,-1,,,,,,,SET_POINT,2.0,1.0,BUFFER_B_PERCENT,0.0,0.0,BUFFER_A,6.0,,5.0,BUFFER_A,6.0,,5.0,SET_POINT,1.0,1.0,BUFFER_B_PERCENT,0.0,0.0,BUFFER_A,6.0,,5.0,BUFFER_A,6.0,,5.0,SET_POINT,1.0,1.0,BUFFER_B_PERCENT,0.0,0.0,BUFFER_A,6.0,,5.0,BUFFER_A,6.0,,5.0,SET_POINT,1.0,1.0,BUFFER_B_PERCENT,0.0,0.0,BUFFER_A,6.0,,5.0,BUFFER_A,6.0,,5.0,SET_POINT,1.0,1.0,BUFFER_B_PERCENT,0.0,0.0,BUFFER_A,6.0,,5.0,BUFFER_A,6.0,,5.0,LINEAR,10.0,1.0,BUFFER_B_PERCENT,0.0,100.0,BUFFER_A,6.0,,5.0,BUFFER_B,6.0,,100.0,SET_POINT,1.0,1.0,BUFFER_B_PERCENT,0.0,0.0,BUFFER_A,6.0,,5.0,BUFFER_A,6.0,,5.0,SET_POINT,1.0,1.0,BUFFER_B_PERCENT,0.0,0.0,BUFFER_A,6.0,,5.0,BUFFER_A,6.0,,5.0,SET_POINT,1.0,1.0,BUFFER_B_PERCENT,0.0,0.0,BUFFER_A,6.0,,5.0,BUFFER_A,6.0,,5.0,SET_POINT,1.0,1.0,BUFFER_B_PERCENT,0.0,0.0,BUFFER_A,6.0,,5.0,BUFFER_A,6.0,,5.0
4,Run 4,,1.0,1.0,LOAD_VOLUME,10.0,10.0,LINEAR,0.0,0.0,BUFFER_B_PERCENT,700,40,BUFFER_A,6.0,,5.0,1,1,Buffer A,6.0,,5.0,SALT_PROXY,Na+,0.05,1,Cl-,0.05,-1,,,,,,,Buffer B,6.0,,100.0,SALT_PROXY,Na+,1.0,1,Cl-,1.0,-1,,,,,,,SET_POINT,2.0,1.0,BUFFER_B_PERCENT,0.0,0.0,BUFFER_A,6.0,,5.0,BUFFER_A,6.0,,5.0,SET_POINT,1.0,1.0,BUFFER_B_PERCENT,0.0,0.0,BUFFER_A,6.0,,5.0,BUFFER_A,6.0,,5.0,SET_POINT,1.0,1.0,BUFFER_B_PERCENT,0.0,0.0,BUFFER_A,6.0,,5.0,BUFFER_A,6.0,,5.0,SET_POINT,1.0,1.0,BUFFER_B_PERCENT,0.0,0.0,BUFFER_A,6.0,,5.0,BUFFER_A,6.0,,5.0,SET_POINT,1.0,1.0,BUFFER_B_PERCENT,0.0,0.0,BUFFER_A,6.0,,5.0,BUFFER_A,6.0,,5.0,LINEAR,10.0,1.0,BUFFER_B_PERCENT,0.0,100.0,BUFFER_A,6.0,,5.0,BUFFER_B,6.0,,100.0,SET_POINT,1.0,1.0,BUFFER_B_PERCENT,0.0,0.0,BUFFER_A,6.0,,5.0,BUFFER_A,6.0,,5.0,SET_POINT,1.0,1.0,BUFFER_B_PERCENT,0.0,0.0,BUFFER_A,6.0,,5.0,BUFFER_A,6.0,,5.0,SET_POINT,1.0,1.0,BUFFER_B_PERCENT,0.0,0.0,BUFFER_A,6.0,,5.0,BUFFER_A,6.0,,5.0,SET_POINT,1.0,1.0,BUFFER_B_PERCENT,0.0,0.0,BUFFER_A,6.0,,5.0,BUFFER_A,6.0,,5.0
5,Run 5,,1.0,1.0,LOAD_VOLUME,10.0,10.0,LINEAR,0.0,0.0,BUFFER_B_PERCENT,700,40,BUFFER_A,6.0,,5.0,1,1,Buffer A,6.0,,5.0,SALT_PROXY,Na+,0.05,1,Cl-,0.05,-1,,,,,,,Buffer B,6.0,,100.0,SALT_PROXY,Na+,1.0,1,Cl-,1.0,-1,,,,,,,SET_POINT,2.0,1.0,BUFFER_B_PERCENT,0.0,0.0,BUFFER_A,6.0,,5.0,BUFFER_A,6.0,,5.0,SET_POINT,1.0,1.0,BUFFER_B_PERCENT,0.0,0.0,BUFFER_A,6.0,,5.0,BUFFER_A,6.0,,5.0,SET_POINT,1.0,1.0,BUFFER_B_PERCENT,0.0,0.0,BUFFER_A,6.0,,5.0,BUFFER_A,6.0,,5.0,SET_POINT,1.0,1.0,BUFFER_B_PERCENT,0.0,0.0,BUFFER_A,6.0,,5.0,BUFFER_A,6.0,,5.0,SET_POINT,1.0,1.0,BUFFER_B_PERCENT,0.0,0.0,BUFFER_A,6.0,,5.0,BUFFER_A,6.0,,5.0,LINEAR,10.0,1.0,BUFFER_B_PERCENT,0.0,100.0,BUFFER_A,6.0,,5.0,BUFFER_B,6.0,,100.0,SET_POINT,1.0,1.0,BUFFER_B_PERCENT,0.0,0.0,BUFFER_A,6.0,,5.0,BUFFER_A,6.0,,5.0,SET_POINT,1.0,1.0,BUFFER_B_PERCENT,0.0,0.0,BUFFER_A,6.0,,5.0,BUFFER_A,6.0,,5.0,SET_POINT,1.0,1.0,BUFFER_B_PERCENT,0.0,0.0,BUFFER_A,6.0,,5.0,BUFFER_A,6.0,,5.0,SET_POINT,1.0,1.0,BUFFER_B_PERCENT,0.0,0.0,BUFFER_A,6.0,,5.0,BUFFER_A,6.0,,5.0
6,Run 6,,1.0,1.0,LOAD_VOLUME,10.0,10.0,LINEAR,0.0,0.0,BUFFER_B_PERCENT,700,40,BUFFER_A,6.0,,5.0,1,1,Buffer A,6.0,,5.0,SALT_PROXY,Na+,0.05,1,Cl-,0.05,-1,,,,,,,Buffer B,6.0,,100.0,SALT_PROXY,Na+,1.0,1,Cl-,1.0,-1,,,,,,,SET_POINT,2.0,1.0,BUFFER_B_PERCENT,0.0,0.0,BUFFER_A,6.0,,5.0,BUFFER_A,6.0,,5.0,SET_POINT,1.0,1.0,BUFFER_B_PERCENT,0.0,0.0,BUFFER_A,6.0,,5.0,BUFFER_A,6.0,,5.0,SET_POINT,1.0,1.0,BUFFER_B_PERCENT,0.0,0.0,BUFFER_A,6.0,,5.0,BUFFER_A,6.0,,5.0,SET_POINT,1.0,1.0,BUFFER_B_PERCENT,0.0,0.0,BUFFER_A,6.0,,5.0,BUFFER_A,6.0,,5.0,SET_POINT,1.0,1.0,BUFFER_B_PERCENT,0.0,0.0,BUFFER_A,6.0,,5.0,BUFFER_A,6.0,,5.0,LINEAR,10.0,1.0,BUFFER_B_PERCENT,0.0,100.0,BUFFER_A,6.0,,5.0,BUFFER_B,6.0,,100.0,SET_POINT,1.0,1.0,BUFFER_B_PERCENT,0.0,0.0,BUFFER_A,6.0,,5.0,BUFFER_A,6.0,,5.0,SET_POINT,1.0,1.0,BUFFER_B_PERCENT,0.0,0.0,BUFFER_A,6.0,,5.0,BUFFER_A,6.0,,5.0,SET_POINT,1.0,1.0,BUFFER_B_PERCENT,0.0,0.0,BUFFER_A,6.0,,5.0,BUFFER_A,6.0,,5.0,SET_POINT,1.0,1.0,BUFFER_B_PERCENT,0.0,0.0,BUFFER_A,6.0,,5.0,BUFFER_A,6.0,,5.0
7,Run 7,,1.0,1.0,LOAD_VOLUME,10.0,10.0,LINEAR,0.0,0.0,BUFFER_B_PERCENT,700,40,BUFFER_A,6.0,,5.0,1,1,Buffer A,6.0,,5.0,SALT_PROXY,Na+,0.05,1,Cl-,0.05,-1,,,,,,,Buffer B,6.0,,100.0,SALT_PROXY,Na+,1.0,1,Cl-,1.0,-1,,,,,,,SET_POINT,2.0,1.0,BUFFER_B_PERCENT,0.0,0.0,BUFFER_A,6.0,,5.0,BUFFER_A,6.0,,5.0,SET_POINT,1.0,1.0,BUFFER_B_PERCENT,0.0,0.0,BUFFER_A,6.0,,5.0,BUFFER_A,6.0,,5.0,SET_POINT,1.0,1.0,BUFFER_B_PERCENT,0.0,0.0,BUFFER_A,6.0,,5.0,BUFFER_A,6.0,,5.0,SET_POINT,1.0,1.0,BUFFER_B_PERCENT,0.0,0.0,BUFFER_A,6.0,,5.0,BUFFER_A,6.0,,5.0,SET_POINT,1.0,1.0,BUFFER_B_PERCENT,0.0,0.0,BUFFER_A,6.0,,5.0,BUFFER_A,6.0,,5.0,LINEAR,10.0,1.0,BUFFER_B_PERCENT,0.0,100.0,BUFFER_A,6.0,,5.0,BUFFER_B,6.0,,100.0,SET_POINT,1.0,1.0,BUFFER_B_PERCENT,0.0,0.0,BUFFER_A,6.0,,5.0,BUFFER_A,6.0,,5.0,SET_POINT,1.0,1.0,BUFFER_B_PERCENT,0.0,0.0,BUFFER_A,6.0,,5.0,BUFFER_A,6.0,,5.0,SET_POINT,1.0,1.0,BUFFER_B_PERCENT,0.0,0.0,BUFFER_A,6.0,,5.0,BUFFER_A,6.0,,5.0,SET_POINT,1.0,1.0,BUFFER_B_PERCENT,0.0,0.0,BUFFER_A,6.0,,5.0,BUFFER_A,6.0,,5.0
8,Run 8,,1.0,1.0,LOAD_VOLUME,10.0,10.0,LINEAR,0.0,0.0,BUFFER_B_PERCENT,700,40,BUFFER_A,6.0,,5.0,1,1,Buffer A,6.0,,5.0,SALT_PROXY,Na+,0.05,1,Cl-,0.05,-1,,,,,,,Buffer B,6.0,,100.0,SALT_PROXY,Na+,1.0,1,Cl-,1.0,-1,,,,,,,SET_POINT,2.0,1.0,BUFFER_B_PERCENT,0.0,0.0,BUFFER_A,6.0,,5.0,BUFFER_A,6.0,,5.0,SET_POINT,1.0,1.0,BUFFER_B_PERCENT,0.0,0.0,BUFFER_A,6.0,,5.0,BUFFER_A,6.0,,5.0,SET_POINT,1.0,1.0,BUFFER_B_PERCENT,0.0,0.0,BUFFER_A,6.0,,5.0,BUFFER_A,6.0,,5.0,SET_POINT,1.0,1.0,BUFFER_B_PERCENT,0.0,0.0,BUFFER_A,6.0,,5.0,BUFFER_A,6.0,,5.0,SET_POINT,1.0,1.0,BUFFER_B_PERCENT,0.0,0.0,BUFFER_A,6.0,,5.0,BUFFER_A,6.0,,5.0,LINEAR,10.0,1.0,BUFFER_B_PERCENT,0.0,100.0,BUFFER_A,6.0,,5.0,BUFFER_B,6.0,,100.0,SET_POINT,1.0,1.0,BUFFER_B_PERCENT,0.0,0.0,BUFFER_A,6.0,,5.0,BUFFER_A,6.0,,5.0,SET_POINT,1.0,1.0,BUFFER_B_PERCENT,0.0,0.0,BUFFER_A,6.0,,5.0,BUFFER_A,6.0,,5.0,SET_POINT,1.0,1.0,BUFFER_B_PERCENT,0.0,0.0,BUFFER_A,6.0,,5.0,BUFFER_A,6.0,,5.0,SET_POINT,1.0,1.0,BUFFER_B_PERCENT,0.0,0.0,BUFFER_A,6.0,,5.0,BUFFER_A,6.0,,5.0
9,Run 9,,1.0,1.0,LOAD_VOLUME,10.0,10.0,LINEAR,0.0,0.0,BUFFER_B_PERCENT,700,40,BUFFER_A,6.0,,5.0,1,1,Buffer A,6.0,,5.0,SALT_PROXY,Na+,0.05,1,Cl-,0.05,-1,,,,,,,Buffer B,6.0,,100.0,SALT_PROXY,Na+,1.0,1,Cl-,1.0,-1,,,,,,,SET_POINT,2.0,1.0,BUFFER_B_PERCENT,0.0,0.0,BUFFER_A,6.0,,5.0,BUFFER_A,6.0,,5.0,SET_POINT,1.0,1.0,BUFFER_B_PERCENT,0.0,0.0,BUFFER_A,6.0,,5.0,BUFFER_A,6.0,,5.0,SET_POINT,1.0,1.0,BUFFER_B_PERCENT,0.0,0.0,BUFFER_A,6.0,,5.0,BUFFER_A,6.0,,5.0,SET_POINT,1.0,1.0,BUFFER_B_PERCENT,0.0,0.0,BUFFER_A,6.0,,5.0,BUFFER_A,6.0,,5.0,SET_POINT,1.0,1.0,BUFFER_B_PERCENT,0.0,0.0,BUFFER_A,6.0,,5.0,BUFFER_A,6.0,,5.0,LINEAR,10.0,1.0,BUFFER_B_PERCENT,0.0,100.0,BUFFER_A,6.0,,5.0,BUFFER_B,6.0,,100.0,SET_POINT,1.0,1.0,BUFFER_B_PERCENT,0.0,0.0,BUFFER_A,6.0,,5.0,BUFFER_A,6.0,,5.0,SET_POINT,1.0,1.0,BUFFER_B_PERCENT,0.0,0.0,BUFFER_A,6.0,,5.0,BUFFER_A,6.0,,5.0,SET_POINT,1.0,1.0,BUFFER_B_PERCENT,0.0,0.0,BUFFER_A,6.0,,5.0,BUFFER_A,6.0,,5.0,SET_POINT,1.0,1.0,BUFFER_B_PERCENT,0.0,0.0,BUFFER_A,6.0,,5.0,BUFFER_A,6.0,,5.0
10,Run 10,,1.0,1.0,LOAD_VOLUME,10.0,10.0,LINEAR,0.0,0.0,BUFFER_B_PERCENT,700,40,BUFFER_A,6.0,,5.0,1,1,Buffer A,6.0,,5.0,SALT_PROXY,Na+,0.05,1,Cl-,0.05,-1,,,,,,,Buffer B,6.0,,100.0,SALT_PROXY,Na+,1.0,1,Cl-,1.0,-1,,,,,,,SET_POINT,2.0,1.0,BUFFER_B_PERCENT,0.0,0.0,BUFFER_A,6.0,,5.0,BUFFER_A,6.0,,5.0,SET_POINT,1.0,1.0,BUFFER_B_PERCENT,0.0,0.0,BUFFER_A,6.0,,5.0,BUFFER_A,6.0,,5.0,SET_POINT,1.0,1.0,BUFFER_B_PERCENT,0.0,0.0,BUFFER_A,6.0,,5.0,BUFFER_A,6.0,,5.0,SET_POINT,1.0,1.0,BUFFER_B_PERCENT,0.0,0.0,BUFFER_A,6.0,,5.0,BUFFER_A,6.0,,5.0,SET_POINT,1.0,1.0,BUFFER_B_PERCENT,0.0,0.0,BUFFER_A,6.0,,5.0,BUFFER_A,6.0,,5.0,LINEAR,10.0,1.0,BUFFER_B_PERCENT,0.0,100.0,BUFFER_A,6.0,,5.0,BUFFER_B,6.0,,100.0,SET_POINT,1.0,1.0,BUFFER_B_PERCENT,0.0,0.0,BUFFER_A,6.0,,5.0,BUFFER_A,6.0,,5.0,SET_POINT,1.0,1.0,BUFFER_B_PERCENT,0.0,0.0,BUFFER_A,6.0,,5.0,BUFFER_A,6.0,,5.0,SET_POINT,1.0,1.0,BUFFER_B_PERCENT,0.0,0.0,BUFFER_A,6.0,,5.0,BUFFER_A,6.0,,5.0,SET_POINT,1.0,1.0,BUFFER_B_PERCENT,0.0,0.0,BUFFER_A,6.0,,5.0,BUFFER_A,6.0,,5.0
11,Run 11,,1.0,1.0,LOAD_VOLUME,10.0,10.0,LINEAR,0.0,0.0,BUFFER_B_PERCENT,700,40,BUFFER_A,6.0,,5.0,1,1,Buffer A,6.0,,5.0,SALT_PROXY,Na+,0.05,1,Cl-,0.05,-1,,,,,,,Buffer B,6.0,,100.0,SALT_PROXY,Na+,1.0,1,Cl-,1.0,-1,,,,,,,SET_POINT,2.0,1.0,BUFFER_B_PERCENT,0.0,0.0,BUFFER_A,6.0,,5.0,BUFFER_A,6.0,,5.0,SET_POINT,1.0,1.0,BUFFER_B_PERCENT,0.0,0.0,BUFFER_A,6.0,,5.0,BUFFER_A,6.0,,5.0,SET_POINT,1.0,1.0,BUFFER_B_PERCENT,0.0,0.0,BUFFER_A,6.0,,5.0,BUFFER_A,6.0,,5.0,SET_POINT,1.0,1.0,BUFFER_B_PERCENT,0.0,0.0,BUFFER_A,6.0,,5.0,BUFFER_A,6.0,,5.0,SET_POINT,1.0,1.0,BUFFER_B_PERCENT,0.0,0.0,BUFFER_A,6.0,,5.0,BUFFER_A,6.0,,5.0,LINEAR,10.0,1.0,BUFFER_B_PERCENT,0.0,100.0,BUFFER_A,6.0,,5.0,BUFFER_B,6.0,,100.0,SET_POINT,1.0,1.0,BUFFER_B_PERCENT,0.0,0.0,BUFFER_A,6.0,,5.0,BUFFER_A,6.0,,5.0,SET_POINT,1.0,1.0,BUFFER_B_PERCENT,0.0,0.0,BUFFER_A,6.0,,5.0,BUFFER_A,6.0,,5.0,SET_POINT,1.0,1.0,BUFFER_B_PERCENT,0.0,0.0,BUFFER_A,6.0,,5.0,BUFFER_A,6.0,,5.0,SET_POINT,1.0,1.0,BUFFER_B_PERCENT,0.0,0.0,BUFFER_A,6.0,,5.0,BUFFER_A,6.0,,5.0
12,Run 12,,1.0,1.0,LOAD_VOLUME,10.0,10.0,LINEAR,0.0,0.0,BUFFER_B_PERCENT,700,40,BUFFER_A,6.0,,5.0,1,1,Buffer A,6.0,,5.0,SALT_PROXY,Na+,0.05,1,Cl-,0.05,-1,,,,,,,Buffer B,6.0,,100.0,SALT_PROXY,Na+,1.0,1,Cl-,1.0,-1,,,,,,,SET_POINT,2.0,1.0,BUFFER_B_PERCENT,0.0,0.0,BUFFER_A,6.0,,5.0,BUFFER_A,6.0,,5.0,SET_POINT,1.0,1.0,BUFFER_B_PERCENT,0.0,0.0,BUFFER_A,6.0,,5.0,BUFFER_A,6.0,,5.0,SET_POINT,1.0,1.0,BUFFER_B_PERCENT,0.0,0.0,BUFFER_A,6.0,,5.0,BUFFER_A,6.0,,5.0,SET_POINT,1.0,1.0,BUFFER_B_PERCENT,0.0,0.0,BUFFER_A,6.0,,5.0,BUFFER_A,6.0,,5.0,SET_POINT,1.0,1.0,BUFFER_B_PERCENT,0.0,0.0,BUFFER_A,6.0,,5.0,BUFFER_A,6.0,,5.0,LINEAR,10.0,1.0,BUFFER_B_PERCENT,0.0,100.0,BUFFER_A,6.0,,5.0,BUFFER_B,6.0,,100.0,SET_POINT,1.0,1.0,BUFFER_B_PERCENT,0.0,0.0,BUFFER_A,6.0,,5.0,BUFFER_A,6.0,,5.0,SET_POINT,1.0,1.0,BUFFER_B_PERCENT,0.0,0.0,BUFFER_A,6.0,,5.0,BUFFER_A,6.0,,5.0,SET_POINT,1.0,1.0,BUFFER_B_PERCENT,0.0,0.0,BUFFER_A,6.0,,5.0,BUFFER_A,6.0,,5.0,SET_POINT,1.0,1.0,BUFFER_B_PERCENT,0.0,0.0,BUFFER_A,6.0,,5.0,BUFFER_A,6.0,,5.0
13,Run 13,,1.0,1.0,LOAD_VOLUME,10.0,10.0,LINEAR,0.0,0.0,BUFFER_B_PERCENT,700,40,BUFFER_A,6.0,,5.0,1,1,Buffer A,6.0,,5.0,SALT_PROXY,Na+,0.05,1,Cl-,0.05,-1,,,,,,,Buffer B,6.0,,100.0,SALT_PROXY,Na+,1.0,1,Cl-,1.0,-1,,,,,,,SET_POINT,2.0,1.0,BUFFER_B_PERCENT,0.0,0.0,BUFFER_A,6.0,,5.0,BUFFER_A,6.0,,5.0,SET_POINT,1.0,1.0,BUFFER_B_PERCENT,0.0,0.0,BUFFER_A,6.0,,5.0,BUFFER_A,6.0,,5.0,SET_POINT,1.0,1.0,BUFFER_B_PERCENT,0.0,0.0,BUFFER_A,6.0,,5.0,BUFFER_A,6.0,,5.0,SET_POINT,1.0,1.0,BUFFER_B_PERCENT,0.0,0.0,BUFFER_A,6.0,,5.0,BUFFER_A,6.0,,5.0,SET_POINT,1.0,1.0,BUFFER_B_PERCENT,0.0,0.0,BUFFER_A,6.0,,5.0,BUFFER_A,6.0,,5.0,LINEAR,10.0,1.0,BUFFER_B_PERCENT,0.0,100.0,BUFFER_A,6.0,,5.0,BUFFER_B,6.0,,100.0,SET_POINT,1.0,1.0,BUFFER_B_PERCENT,0.0,0.0,BUFFER_A,6.0,,5.0,BUFFER_A,6.0,,5.0,SET_POINT,1.0,1.0,BUFFER_B_PERCENT,0.0,0.0,BUFFER_A,6.0,,5.0,BUFFER_A,6.0,,5.0,SET_POINT,1.0,1.0,BUFFER_B_PERCENT,0.0,0.0,BUFFER_A,6.0,,5.0,BUFFER_A,6.0,,5.0,SET_POINT,1.0,1.0,BUFFER_B_PERCENT,0.0,0.0,BUFFER_A,6.0,,5.0,BUFFER_A,6.0,,5.0
14,Run 14,,1.0,1.0,LOAD_VOLUME,10.0,10.0,LINEAR,0.0,0.0,BUFFER_B_PERCENT,700,40,BUFFER_A,6.0,,5.0,1,1,Buffer A,6.0,,5.0,SALT_PROXY,Na+,0.05,1,Cl-,0.05,-1,,,,,,,Buffer B,6.0,,100.0,SALT_PROXY,Na+,1.0,1,Cl-,1.0,-1,,,,,,,SET_POINT,2.0,1.0,BUFFER_B_PERCENT,0.0,0.0,BUFFER_A,6.0,,5.0,BUFFER_A,6.0,,5.0,SET_POINT,1.0,1.0,BUFFER_B_PERCENT,0.0,0.0,BUFFER_A,6.0,,5.0,BUFFER_A,6.0,,5.0,SET_POINT,1.0,1.0,BUFFER_B_PERCENT,0.0,0.0,BUFFER_A,6.0,,5.0,BUFFER_A,6.0,,5.0,SET_POINT,1.0,1.0,BUFFER_B_PERCENT,0.0,0.0,BUFFER_A,6.0,,5.0,BUFFER_A,6.0,,5.0,SET_POINT,1.0,1.0,BUFFER_B_PERCENT,0.0,0.0,BUFFER_A,6.0,,5.0,BUFFER_A,6.0,,5.0,LINEAR,10.0,1.0,BUFFER_B_PERCENT,0.0,100.0,BUFFER_A,6.0,,5.0,BUFFER_B,6.0,,100.0,SET_POINT,1.0,1.0,BUFFER_B_PERCENT,0.0,0.0,BUFFER_A,6.0,,5.0,BUFFER_A,6.0,,5.0,SET_POINT,1.0,1.0,BUFFER_B_PERCENT,0.0,0.0,BUFFER_A,6.0,,5.0,BUFFER_A,6.0,,5.0,SET_POINT,1.0,1.0,BUFFER_B_PERCENT,0.0,0.0,BUFFER_A,6.0,,5.0,BUFFER_A,6.0,,5.0,SET_POINT,1.0,1.0,BUFFER_B_PERCENT,0.0,0.0,BUFFER_A,6.0,,5.0,BUFFER_A,6.0,,5.0
15,Run 15,,1.0,1.0,LOAD_VOLUME,10.0,10.0,LINEAR,0.0,0.0,BUFFER_B_PERCENT,700,40,BUFFER_A,6.0,,5.0,1,1,Buffer A,6.0,,5.0,SALT_PROXY,Na+,0.05,1,Cl-,0.05,-1,,,,,,,Buffer B,6.0,,100.0,SALT_PROXY,Na+,1.0,1,Cl-,1.0,-1,,,,,,,SET_POINT,2.0,1.0,BUFFER_B_PERCENT,0.0,0.0,BUFFER_A,6.0,,5.0,BUFFER_A,6.0,,5.0,SET_POINT,1.0,1.0,BUFFER_B_PERCENT,0.0,0.0,BUFFER_A,6.0,,5.0,BUFFER_A,6.0,,5.0,SET_POINT,1.0,1.0,BUFFER_B_PERCENT,0.0,0.0,BUFFER_A,6.0,,5.0,BUFFER_A,6.0,,5.0,SET_POINT,1.0,1.0,BUFFER_B_PERCENT,0.0,0.0,BUFFER_A,6.0,,5.0,BUFFER_A,6.0,,5.0,SET_POINT,1.0,1.0,BUFFER_B_PERCENT,0.0,0.0,BUFFER_A,6.0,,5.0,BUFFER_A,6.0,,5.0,LINEAR,10.0,1.0,BUFFER_B_PERCENT,0.0,100.0,BUFFER_A,6.0,,5.0,BUFFER_B,6.0,,100.0,SET_POINT,1.0,1.0,BUFFER_B_PERCENT,0.0,0.0,BUFFER_A,6.0,,5.0,BUFFER_A,6.0,,5.0,SET_POINT,1.0,1.0,BUFFER_B_PERCENT,0.0,0.0,BUFFER_A,6.0,,5.0,BUFFER_A,6.0,,5.0,SET_POINT,1.0,1.0,BUFFER_B_PERCENT,0.0,0.0,BUFFER_A,6.0,,5.0,BUFFER_A,6.0,,5.0,SET_POINT,1.0,1.0,BUFFER_B_PERCENT,0.0,0.0,BUFFER_A,6.0,,5.0,BUFFER_A,6.0,,5.0
16,Run 16,,1.0,1.0,LOAD_VOLUME,10.0,10.0,LINEAR,0.0,0.0,BUFFER_B_PERCENT,700,40,BUFFER_A,6.0,,5.0,1,1,Buffer A,6.0,,5.0,SALT_PROXY,Na+,0.05,1,Cl-,0.05,-1,,,,,,,Buffer B,6.0,,100.0,SALT_PROXY,Na+,1.0,1,Cl-,1.0,-1,,,,,,,SET_POINT,2.0,1.0,BUFFER_B_PERCENT,0.0,0.0,BUFFER_A,6.0,,5.0,BUFFER_A,6.0,,5.0,SET_POINT,1.0,1.0,BUFFER_B_PERCENT,0.0,0.0,BUFFER_A,6.0,,5.0,BUFFER_A,6.0,,5.0,SET_POINT,1.0,1.0,BUFFER_B_PERCENT,0.0,0.0,BUFFER_A,6.0,,5.0,BUFFER_A,6.0,,5.0,SET_POINT,1.0,1.0,BUFFER_B_PERCENT,0.0,0.0,BUFFER_A,6.0,,5.0,BUFFER_A,6.0,,5.0,SET_POINT,1.0,1.0,BUFFER_B_PERCENT,0.0,0.0,BUFFER_A,6.0,,5.0,BUFFER_A,6.0,,5.0,LINEAR,10.0,1.0,BUFFER_B_PERCENT,0.0,100.0,BUFFER_A,6.0,,5.0,BUFFER_B,6.0,,100.0,SET_POINT,1.0,1.0,BUFFER_B_PERCENT,0.0,0.0,BUFFER_A,6.0,,5.0,BUFFER_A,6.0,,5.0,SET_POINT,1.0,1.0,BUFFER_B_PERCENT,0.0,0.0,BUFFER_A,6.0,,5.0,BUFFER_A,6.0,,5.0,SET_POINT,1.0,1.0,BUFFER_B_PERCENT,0.0,0.0,BUFFER_A,6.0,,5.0,BUFFER_A,6.0,,5.0,SET_POINT,1.0,1.0,BUFFER_B_PERCENT,0.0,0.0,BUFFER_A,6.0,,5.0,BUFFER_A,6.0,,5.0
17,Run 17,,1.0,1.0,LOAD_VOLUME,10.0,10.0,LINEAR,0.0,0.0,BUFFER_B_PERCENT,700,40,BUFFER_A,6.0,,5.0,1,1,Buffer A,6.0,,5.0,SALT_PROXY,Na+,0.05,1,Cl-,0.05,-1,,,,,,,Buffer B,6.0,,100.0,SALT_PROXY,Na+,1.0,1,Cl-,1.0,-1,,,,,,,SET_POINT,2.0,1.0,BUFFER_B_PERCENT,0.0,0.0,BUFFER_A,6.0,,5.0,BUFFER_A,6.0,,5.0,SET_POINT,1.0,1.0,BUFFER_B_PERCENT,0.0,0.0,BUFFER_A,6.0,,5.0,BUFFER_A,6.0,,5.0,SET_POINT,1.0,1.0,BUFFER_B_PERCENT,0.0,0.0,BUFFER_A,6.0,,5.0,BUFFER_A,6.0,,5.0,SET_POINT,1.0,1.0,BUFFER_B_PERCENT,0.0,0.0,BUFFER_A,6.0,,5.0,BUFFER_A,6.0,,5.0,SET_POINT,1.0,1.0,BUFFER_B_PERCENT,0.0,0.0,BUFFER_A,6.0,,5.0,BUFFER_A,6.0,,5.0,LINEAR,10.0,1.0,BUFFER_B_PERCENT,0.0,100.0,BUFFER_A,6.0,,5.0,BUFFER_B,6.0,,100.0,SET_POINT,1.0,1.0,BUFFER_B_PERCENT,0.0,0.0,BUFFER_A,6.0,,5.0,BUFFER_A,6.0,,5.0,SET_POINT,1.0,1.0,BUFFER_B_PERCENT,0.0,0.0,BUFFER_A,6.0,,5.0,BUFFER_A,6.0,,5.0,SET_POINT,1.0,1.0,BUFFER_B_PERCENT,0.0,0.0,BUFFER_A,6.0,,5.0,BUFFER_A,6.0,,5.0,SET_POINT,1.0,1.0,BUFFER_B_PERCENT,0.0,0.0,BUFFER_A,6.0,,5.0,BUFFER_A,6.0,,5.0
18,Run 18,,1.0,1.0,LOAD_VOLUME,10.0,10.0,LINEAR,0.0,0.0,BUFFER_B_PERCENT,700,40,BUFFER_A,6.0,,5.0,1,1,Buffer A,6.0,,5.0,SALT_PROXY,Na+,0.05,1,Cl-,0.05,-1,,,,,,,Buffer B,6.0,,100.0,SALT_PROXY,Na+,1.0,1,Cl-,1.0,-1,,,,,,,SET_POINT,2.0,1.0,BUFFER_B_PERCENT,0.0,0.0,BUFFER_A,6.0,,5.0,BUFFER_A,6.0,,5.0,SET_POINT,1.0,1.0,BUFFER_B_PERCENT,0.0,0.0,BUFFER_A,6.0,,5.0,BUFFER_A,6.0,,5.0,SET_POINT,1.0,1.0,BUFFER_B_PERCENT,0.0,0.0,BUFFER_A,6.0,,5.0,BUFFER_A,6.0,,5.0,SET_POINT,1.0,1.0,BUFFER_B_PERCENT,0.0,0.0,BUFFER_A,6.0,,5.0,BUFFER_A,6.0,,5.0,SET_POINT,1.0,1.0,BUFFER_B_PERCENT,0.0,0.0,BUFFER_A,6.0,,5.0,BUFFER_A,6.0,,5.0,LINEAR,10.0,1.0,BUFFER_B_PERCENT,0.0,100.0,BUFFER_A,6.0,,5.0,BUFFER_B,6.0,,100.0,SET_POINT,1.0,1.0,BUFFER_B_PERCENT,0.0,0.0,BUFFER_A,6.0,,5.0,BUFFER_A,6.0,,5.0,SET_POINT,1.0,1.0,BUFFER_B_PERCENT,0.0,0.0,BUFFER_A,6.0,,5.0,BUFFER_A,6.0,,5.0,SET_POINT,1.0,1.0,BUFFER_B_PERCENT,0.0,0.0,BUFFER_A,6.0,,5.0,BUFFER_A,6.0,,5.0,SET_POINT,1.0,1.0,BUFFER_B_PERCENT,0.0,0.0,BUFFER_A,6.0,,5.0,BUFFER_A,6.0,,5.0
19,Run 19,,1.0,1.0,LOAD_VOLUME,10.0,10.0,LINEAR,0.0,0.0,BUFFER_B_PERCENT,700,40,BUFFER_A,6.0,,5.0,1,1,Buffer A,6.0,,5.0,SALT_PROXY,Na+,0.05,1,Cl-,0.05,-1,,,,,,,Buffer B,6.0,,100.0,SALT_PROXY,Na+,1.0,1,Cl-,1.0,-1,,,,,,,SET_POINT,2.0,1.0,BUFFER_B_PERCENT,0.0,0.0,BUFFER_A,6.0,,5.0,BUFFER_A,6.0,,5.0,SET_POINT,1.0,1.0,BUFFER_B_PERCENT,0.0,0.0,BUFFER_A,6.0,,5.0,BUFFER_A,6.0,,5.0,SET_POINT,1.0,1.0,BUFFER_B_PERCENT,0.0,0.0,BUFFER_A,6.0,,5.0,BUFFER_A,6.0,,5.0,SET_POINT,1.0,1.0,BUFFER_B_PERCENT,0.0,0.0,BUFFER_A,6.0,,5.0,BUFFER_A,6.0,,5.0,SET_POINT,1.0,1.0,BUFFER_B_PERCENT,0.0,0.0,BUFFER_A,6.0,,5.0,BUFFER_A,6.0,,5.0,LINEAR,10.0,1.0,BUFFER_B_PERCENT,0.0,100.0,BUFFER_A,6.0,,5.0,BUFFER_B,6.0,,100.0,SET_POINT,1.0,1.0,BUFFER_B_PERCENT,0.0,0.0,BUFFER_A,6.0,,5.0,BUFFER_A,6.0,,5.0,SET_POINT,1.0,1.0,BUFFER_B_PERCENT,0.0,0.0,BUFFER_A,6.0,,5.0,BUFFER_A,6.0,,5.0,SET_POINT,1.0,1.0,BUFFER_B_PERCENT,0.0,0.0,BUFFER_A,6.0,,5.0,BUFFER_A,6.0,,5.0,SET_POINT,1.0,1.0,BUFFER_B_PERCENT,0.0,0.0,BUFFER_A,6.0,,5.0,BUFFER_A,6.0,,5.0
20,Run 20,,1.0,1.0,LOAD_VOLUME,10.0,10.0,LINEAR,0.0,0.0,BUFFER_B_PERCENT,700,40,BUFFER_A,6.0,,5.0,1,1,Buffer A,6.0,,5.0,SALT_PROXY,Na+,0.05,1,Cl-,0.05,-1,,,,,,,Buffer B,6.0,,100.0,SALT_PROXY,Na+,1.0,1,Cl-,1.0,-1,,,,,,,SET_POINT,2.0,1.0,BUFFER_B_PERCENT,0.0,0.0,BUFFER_A,6.0,,5.0,BUFFER_A,6.0,,5.0,SET_POINT,1.0,1.0,BUFFER_B_PERCENT,0.0,0.0,BUFFER_A,6.0,,5.0,BUFFER_A,6.0,,5.0,SET_POINT,1.0,1.0,BUFFER_B_PERCENT,0.0,0.0,BUFFER_A,6.0,,5.0,BUFFER_A,6.0,,5.0,SET_POINT,1.0,1.0,BUFFER_B_PERCENT,0.0,0.0,BUFFER_A,6.0,,5.0,BUFFER_A,6.0,,5.0,SET_POINT,1.0,1.0,BUFFER_B_PERCENT,0.0,0.0,BUFFER_A,6.0,,5.0,BUFFER_A,6.0,,5.0,LINEAR,10.0,1.0,BUFFER_B_PERCENT,0.0,100.0,BUFFER_A,6.0,,5.0,BUFFER_B,6.0,,100.0,SET_POINT,1.0,1.0,BUFFER_B_PERCENT,0.0,0.0,BUFFER_A,6.0,,5.0,BUFFER_A,6.0,,5.0,SET_POINT,1.0,1.0,BUFFER_B_PERCENT,0.0,0.0,BUFFER_A,6.0,,5.0,BUFFER_A,6.0,,5.0,SET_POINT,1.0,1.0,BUFFER_B_PERCENT,0.0,0.0,BUFFER_A,6.0,,5.0,BUFFER_A,6.0,,5.0,SET_POINT,1.0,1.0,BUFFER_B_PERCENT,0.0,0.0,BUFFER_A,6.0,,5.0,BUFFER_A,6.0,,5.0
21,Run 21,,1.0,1.0,LOAD_VOLUME,10.0,10.0,LINEAR,0.0,0.0,BUFFER_B_PERCENT,700,40,BUFFER_A,6.0,,5.0,1,1,Buffer A,6.0,,5.0,SALT_PROXY,Na+,0.05,1,Cl-,0.05,-1,,,,,,,Buffer B,6.0,,100.0,SALT_PROXY,Na+,1.0,1,Cl-,1.0,-1,,,,,,,SET_POINT,2.0,1.0,BUFFER_B_PERCENT,0.0,0.0,BUFFER_A,6.0,,5.0,BUFFER_A,6.0,,5.0,SET_POINT,1.0,1.0,BUFFER_B_PERCENT,0.0,0.0,BUFFER_A,6.0,,5.0,BUFFER_A,6.0,,5.0,SET_POINT,1.0,1.0,BUFFER_B_PERCENT,0.0,0.0,BUFFER_A,6.0,,5.0,BUFFER_A,6.0,,5.0,SET_POINT,1.0,1.0,BUFFER_B_PERCENT,0.0,0.0,BUFFER_A,6.0,,5.0,BUFFER_A,6.0,,5.0,SET_POINT,1.0,1.0,BUFFER_B_PERCENT,0.0,0.0,BUFFER_A,6.0,,5.0,BUFFER_A,6.0,,5.0,LINEAR,10.0,1.0,BUFFER_B_PERCENT,0.0,100.0,BUFFER_A,6.0,,5.0,BUFFER_B,6.0,,100.0,SET_POINT,1.0,1.0,BUFFER_B_PERCENT,0.0,0.0,BUFFER_A,6.0,,5.0,BUFFER_A,6.0,,5.0,SET_POINT,1.0,1.0,BUFFER_B_PERCENT,0.0,0.0,BUFFER_A,6.0,,5.0,BUFFER_A,6.0,,5.0,SET_POINT,1.0,1.0,BUFFER_B_PERCENT,0.0,0.0,BUFFER_A,6.0,,5.0,BUFFER_A,6.0,,5.0,SET_POINT,1.0,1.0,BUFFER_B_PERCENT,0.0,0.0,BUFFER_A,6.0,,5.0,BUFFER_A,6.0,,5.0
22,Run 22,,1.0,1.0,LOAD_VOLUME,10.0,10.0,LINEAR,0.0,0.0,BUFFER_B_PERCENT,700,40,BUFFER_A,6.0,,5.0,1,1,Buffer A,6.0,,5.0,SALT_PROXY,Na+,0.05,1,Cl-,0.05,-1,,,,,,,Buffer B,6.0,,100.0,SALT_PROXY,Na+,1.0,1,Cl-,1.0,-1,,,,,,,SET_POINT,2.0,1.0,BUFFER_B_PERCENT,0.0,0.0,BUFFER_A,6.0,,5.0,BUFFER_A,6.0,,5.0,SET_POINT,1.0,1.0,BUFFER_B_PERCENT,0.0,0.0,BUFFER_A,6.0,,5.0,BUFFER_A,6.0,,5.0,SET_POINT,1.0,1.0,BUFFER_B_PERCENT,0.0,0.0,BUFFER_A,6.0,,5.0,BUFFER_A,6.0,,5.0,SET_POINT,1.0,1.0,BUFFER_B_PERCENT,0.0,0.0,BUFFER_A,6.0,,5.0,BUFFER_A,6.0,,5.0,SET_POINT,1.0,1.0,BUFFER_B_PERCENT,0.0,0.0,BUFFER_A,6.0,,5.0,BUFFER_A,6.0,,5.0,LINEAR,10.0,1.0,BUFFER_B_PERCENT,0.0,100.0,BUFFER_A,6.0,,5.0,BUFFER_B,6.0,,100.0,SET_POINT,1.0,1.0,BUFFER_B_PERCENT,0.0,0.0,BUFFER_A,6.0,,5.0,BUFFER_A,6.0,,5.0,SET_POINT,1.0,1.0,BUFFER_B_PERCENT,0.0,0.0,BUFFER_A,6.0,,5.0,BUFFER_A,6.0,,5.0,SET_POINT,1.0,1.0,BUFFER_B_PERCENT,0.0,0.0,BUFFER_A,6.0,,5.0,BUFFER_A,6.0,,5.0,SET_POINT,1.0,1.0,BUFFER_B_PERCENT,0.0,0.0,BUFFER_A,6.0,,5.0,BUFFER_A,6.0,,5.0
23,Run 23,,1.0,1.0,LOAD_VOLUME,10.0,10.0,LINEAR,0.0,0.0,BUFFER_B_PERCENT,700,40,BUFFER_A,6.0,,5.0,1,1,Buffer A,6.0,,5.0,SALT_PROXY,Na+,0.05,1,Cl-,0.05,-1,,,,,,,Buffer B,6.0,,100.0,SALT_PROXY,Na+,1.0,1,Cl-,1.0,-1,,,,,,,SET_POINT,2.0,1.0,BUFFER_B_PERCENT,0.0,0.0,BUFFER_A,6.0,,5.0,BUFFER_A,6.0,,5.0,SET_POINT,1.0,1.0,BUFFER_B_PERCENT,0.0,0.0,BUFFER_A,6.0,,5.0,BUFFER_A,6.0,,5.0,SET_POINT,1.0,1.0,BUFFER_B_PERCENT,0.0,0.0,BUFFER_A,6.0,,5.0,BUFFER_A,6.0,,5.0,SET_POINT,1.0,1.0,BUFFER_B_PERCENT,0.0,0.0,BUFFER_A,6.0,,5.0,BUFFER_A,6.0,,5.0,SET_POINT,1.0,1.0,BUFFER_B_PERCENT,0.0,0.0,BUFFER_A,6.0,,5.0,BUFFER_A,6.0,,5.0,LINEAR,10.0,1.0,BUFFER_B_PERCENT,0.0,100.0,BUFFER_A,6.0,,5.0,BUFFER_B,6.0,,100.0,SET_POINT,1.0,1.0,BUFFER_B_PERCENT,0.0,0.0,BUFFER_A,6.0,,5.0,BUFFER_A,6.0,,5.0,SET_POINT,1.0,1.0,BUFFER_B_PERCENT,0.0,0.0,BUFFER_A,6.0,,5.0,BUFFER_A,6.0,,5.0,SET_POINT,1.0,1.0,BUFFER_B_PERCENT,0.0,0.0,BUFFER_A,6.0,,5.0,BUFFER_A,6.0,,5.0,SET_POINT,1.0,1.0,BUFFER_B_PERCENT,0.0,0.0,BUFFER_A,6.0,,5.0,BUFFER_A,6.0,,5.0
24,Run 24,,1.0,1.0,LOAD_VOLUME,10.0,10.0,LINEAR,0.0,0.0,BUFFER_B_PERCENT,700,40,BUFFER_A,6.0,,5.0,1,1,Buffer A,6.0,,5.0,SALT_PROXY,Na+,0.05,1,Cl-,0.05,-1,,,,,,,Buffer B,6.0,,100.0,SALT_PROXY,Na+,1.0,1,Cl-,1.0,-1,,,,,,,SET_POINT,2.0,1.0,BUFFER_B_PERCENT,0.0,0.0,BUFFER_A,6.0,,5.0,BUFFER_A,6.0,,5.0,SET_POINT,1.0,1.0,BUFFER_B_PERCENT,0.0,0.0,BUFFER_A,6.0,,5.0,BUFFER_A,6.0,,5.0,SET_POINT,1.0,1.0,BUFFER_B_PERCENT,0.0,0.0,BUFFER_A,6.0,,5.0,BUFFER_A,6.0,,5.0,SET_POINT,1.0,1.0,BUFFER_B_PERCENT,0.0,0.0,BUFFER_A,6.0,,5.0,BUFFER_A,6.0,,5.0,SET_POINT,1.0,1.0,BUFFER_B_PERCENT,0.0,0.0,BUFFER_A,6.0,,5.0,BUFFER_A,6.0,,5.0,LINEAR,10.0,1.0,BUFFER_B_PERCENT,0.0,100.0,BUFFER_A,6.0,,5.0,BUFFER_B,6.0,,100.0,SET_POINT,1.0,1.0,BUFFER_B_PERCENT,0.0,0.0,BUFFER_A,6.0,,5.0,BUFFER_A,6.0,,5.0,SET_POINT,1.0,1.0,BUFFER_B_PERCENT,0.0,0.0,BUFFER_A,6.0,,5.0,BUFFER_A,6.0,,5.0,SET_POINT,1.0,1.0,BUFFER_B_PERCENT,0.0,0.0,BUFFER_A,6.0,,5.0,BUFFER_A,6.0,,5.0,SET_POINT,1.0,1.0,BUFFER_B_PERCENT,0.0,0.0,BUFFER_A,6.0,,5.0,BUFFER_A,6.0,,5.0
25,Run 25,,1.0,1.0,LOAD_VOLUME,10.0,10.0,LINEAR,0.0,0.0,BUFFER_B_PERCENT,700,40,BUFFER_A,6.0,,5.0,1,1,Buffer A,6.0,,5.0,SALT_PROXY,Na+,0.05,1,Cl-,0.05,-1,,,,,,,Buffer B,6.0,,100.0,SALT_PROXY,Na+,1.0,1,Cl-,1.0,-1,,,,,,,SET_POINT,2.0,1.0,BUFFER_B_PERCENT,0.0,0.0,BUFFER_A,6.0,,5.0,BUFFER_A,6.0,,5.0,SET_POINT,1.0,1.0,BUFFER_B_PERCENT,0.0,0.0,BUFFER_A,6.0,,5.0,BUFFER_A,6.0,,5.0,SET_POINT,1.0,1.0,BUFFER_B_PERCENT,0.0,0.0,BUFFER_A,6.0,,5.0,BUFFER_A,6.0,,5.0,SET_POINT,1.0,1.0,BUFFER_B_PERCENT,0.0,0.0,BUFFER_A,6.0,,5.0,BUFFER_A,6.0,,5.0,SET_POINT,1.0,1.0,BUFFER_B_PERCENT,0.0,0.0,BUFFER_A,6.0,,5.0,BUFFER_A,6.0,,5.0,LINEAR,10.0,1.0,BUFFER_B_PERCENT,0.0,100.0,BUFFER_A,6.0,,5.0,BUFFER_B,6.0,,100.0,SET_POINT,1.0,1.0,BUFFER_B_PERCENT,0.0,0.0,BUFFER_A,6.0,,5.0,BUFFER_A,6.0,,5.0,SET_POINT,1.0,1.0,BUFFER_B_PERCENT,0.0,0.0,BUFFER_A,6.0,,5.0,BUFFER_A,6.0,,5.0,SET_POINT,1.0,1.0,BUFFER_B_PERCENT,0.0,0.0,BUFFER_A,6.0,,5.0,BUFFER_A,6.0,,5.0,SET_POINT,1.0,1.0,BUFFER_B_PERCENT,0.0,0.0,BUFFER_A,6.0,,5.0,BUFFER_A,6.0,,5.0
26,Run 26,,1.0,1.0,LOAD_VOLUME,10.0,10.0,LINEAR,0.0,0.0,BUFFER_B_PERCENT,700,40,BUFFER_A,6.0,,5.0,1,1,Buffer A,6.0,,5.0,SALT_PROXY,Na+,0.05,1,Cl-,0.05,-1,,,,,,,Buffer B,6.0,,100.0,SALT_PROXY,Na+,1.0,1,Cl-,1.0,-1,,,,,,,SET_POINT,2.0,1.0,BUFFER_B_PERCENT,0.0,0.0,BUFFER_A,6.0,,5.0,BUFFER_A,6.0,,5.0,SET_POINT,1.0,1.0,BUFFER_B_PERCENT,0.0,0.0,BUFFER_A,6.0,,5.0,BUFFER_A,6.0,,5.0,SET_POINT,1.0,1.0,BUFFER_B_PERCENT,0.0,0.0,BUFFER_A,6.0,,5.0,BUFFER_A,6.0,,5.0,SET_POINT,1.0,1.0,BUFFER_B_PERCENT,0.0,0.0,BUFFER_A,6.0,,5.0,BUFFER_A,6.0,,5.0,SET_POINT,1.0,1.0,BUFFER_B_PERCENT,0.0,0.0,BUFFER_A,6.0,,5.0,BUFFER_A,6.0,,5.0,LINEAR,10.0,1.0,BUFFER_B_PERCENT,0.0,100.0,BUFFER_A,6.0,,5.0,BUFFER_B,6.0,,100.0,SET_POINT,1.0,1.0,BUFFER_B_PERCENT,0.0,0.0,BUFFER_A,6.0,,5.0,BUFFER_A,6.0,,5.0,SET_POINT,1.0,1.0,BUFFER_B_PERCENT,0.0,0.0,BUFFER_A,6.0,,5.0,BUFFER_A,6.0,,5.0,SET_POINT,1.0,1.0,BUFFER_B_PERCENT,0.0,0.0,BUFFER_A,6.0,,5.0,BUFFER_A,6.0,,5.0,SET_POINT,1.0,1.0,BUFFER_B_PERCENT,0.0,0.0,BUFFER_A,6.0,,5.0,BUFFER_A,6.0,,5.0
27,Run 27,,1.0,1.0,LOAD_VOLUME,10.0,10.0,LINEAR,0.0,0.0,BUFFER_B_PERCENT,700,40,BUFFER_A,6.0,,5.0,1,1,Buffer A,6.0,,5.0,SALT_PROXY,Na+,0.05,1,Cl-,0.05,-1,,,,,,,Buffer B,6.0,,100.0,SALT_PROXY,Na+,1.0,1,Cl-,1.0,-1,,,,,,,SET_POINT,2.0,1.0,BUFFER_B_PERCENT,0.0,0.0,BUFFER_A,6.0,,5.0,BUFFER_A,6.0,,5.0,SET_POINT,1.0,1.0,BUFFER_B_PERCENT,0.0,0.0,BUFFER_A,6.0,,5.0,BUFFER_A,6.0,,5.0,SET_POINT,1.0,1.0,BUFFER_B_PERCENT,0.0,0.0,BUFFER_A,6.0,,5.0,BUFFER_A,6.0,,5.0,SET_POINT,1.0,1.0,BUFFER_B_PERCENT,0.0,0.0,BUFFER_A,6.0,,5.0,BUFFER_A,6.0,,5.0,SET_POINT,1.0,1.0,BUFFER_B_PERCENT,0.0,0.0,BUFFER_A,6.0,,5.0,BUFFER_A,6.0,,5.0,LINEAR,10.0,1.0,BUFFER_B_PERCENT,0.0,100.0,BUFFER_A,6.0,,5.0,BUFFER_B,6.0,,100.0,SET_POINT,1.0,1.0,BUFFER_B_PERCENT,0.0,0.0,BUFFER_A,6.0,,5.0,BUFFER_A,6.0,,5.0,SET_POINT,1.0,1.0,BUFFER_B_PERCENT,0.0,0.0,BUFFER_A,6.0,,5.0,BUFFER_A,6.0,,5.0,SET_POINT,1.0,1.0,BUFFER_B_PERCENT,0.0,0.0,BUFFER_A,6.0,,5.0,BUFFER_A,6.0,,5.0,SET_POINT,1.0,1.0,BUFFER_B_PERCENT,0.0,0.0,BUFFER_A,6.0,,5.0,BUFFER_A,6.0,,5.0
28,Run 28,,1.0,1.0,LOAD_VOLUME,10.0,10.0,LINEAR,0.0,0.0,BUFFER_B_PERCENT,700,40,BUFFER_A,6.0,,5.0,1,1,Buffer A,6.0,,5.0,SALT_PROXY,Na+,0.05,1,Cl-,0.05,-1,,,,,,,Buffer B,6.0,,100.0,SALT_PROXY,Na+,1.0,1,Cl-,1.0,-1,,,,,,,SET_POINT,2.0,1.0,BUFFER_B_PERCENT,0.0,0.0,BUFFER_A,6.0,,5.0,BUFFER_A,6.0,,5.0,SET_POINT,1.0,1.0,BUFFER_B_PERCENT,0.0,0.0,BUFFER_A,6.0,,5.0,BUFFER_A,6.0,,5.0,SET_POINT,1.0,1.0,BUFFER_B_PERCENT,0.0,0.0,BUFFER_A,6.0,,5.0,BUFFER_A,6.0,,5.0,SET_POINT,1.0,1.0,BUFFER_B_PERCENT,0.0,0.0,BUFFER_A,6.0,,5.0,BUFFER_A,6.0,,5.0,SET_POINT,1.0,1.0,BUFFER_B_PERCENT,0.0,0.0,BUFFER_A,6.0,,5.0,BUFFER_A,6.0,,5.0,LINEAR,10.0,1.0,BUFFER_B_PERCENT,0.0,100.0,BUFFER_A,6.0,,5.0,BUFFER_B,6.0,,100.0,SET_POINT,1.0,1.0,BUFFER_B_PERCENT,0.0,0.0,BUFFER_A,6.0,,5.0,BUFFER_A,6.0,,5.0,SET_POINT,1.0,1.0,BUFFER_B_PERCENT,0.0,0.0,BUFFER_A,6.0,,5.0,BUFFER_A,6.0,,5.0,SET_POINT,1.0,1.0,BUFFER_B_PERCENT,0.0,0.0,BUFFER_A,6.0,,5.0,BUFFER_A,6.0,,5.0,SET_POINT,1.0,1.0,BUFFER_B_PERCENT,0.0,0.0,BUFFER_A,6.0,,5.0,BUFFER_A,6.0,,5.0
29,Run 29,,1.0,1.0,LOAD_VOLUME,10.0,10.0,LINEAR,0.0,0.0,BUFFER_B_PERCENT,700,40,BUFFER_A,6.0,,5.0,1,1,Buffer A,6.0,,5.0,SALT_PROXY,Na+,0.05,1,Cl-,0.05,-1,,,,,,,Buffer B,6.0,,100.0,SALT_PROXY,Na+,1.0,1,Cl-,1.0,-1,,,,,,,SET_POINT,2.0,1.0,BUFFER_B_PERCENT,0.0,0.0,BUFFER_A,6.0,,5.0,BUFFER_A,6.0,,5.0,SET_POINT,1.0,1.0,BUFFER_B_PERCENT,0.0,0.0,BUFFER_A,6.0,,5.0,BUFFER_A,6.0,,5.0,SET_POINT,1.0,1.0,BUFFER_B_PERCENT,0.0,0.0,BUFFER_A,6.0,,5.0,BUFFER_A,6.0,,5.0,SET_POINT,1.0,1.0,BUFFER_B_PERCENT,0.0,0.0,BUFFER_A,6.0,,5.0,BUFFER_A,6.0,,5.0,SET_POINT,1.0,1.0,BUFFER_B_PERCENT,0.0,0.0,BUFFER_A,6.0,,5.0,BUFFER_A,6.0,,5.0,LINEAR,10.0,1.0,BUFFER_B_PERCENT,0.0,100.0,BUFFER_A,6.0,,5.0,BUFFER_B,6.0,,100.0,SET_POINT,1.0,1.0,BUFFER_B_PERCENT,0.0,0.0,BUFFER_A,6.0,,5.0,BUFFER_A,6.0,,5.0,SET_POINT,1.0,1.0,BUFFER_B_PERCENT,0.0,0.0,BUFFER_A,6.0,,5.0,BUFFER_A,6.0,,5.0,SET_POINT,1.0,1.0,BUFFER_B_PERCENT,0.0,0.0,BUFFER_A,6.0,,5.0,BUFFER_A,6.0,,5.0,SET_POINT,1.0,1.0,BUFFER_B_PERCENT,0.0,0.0,BUFFER_A,6.0,,5.0,BUFFER_A,6.0,,5.0
30,Run 30,,1.0,1.0,LOAD_VOLUME,10.0,10.0,LINEAR,0.0,0.0,BUFFER_B_PERCENT,700,40,BUFFER_A,6.0,,5.0,1,1,Buffer A,6.0,,5.0,SALT_PROXY,Na+,0.05,1,Cl-,0.05,-1,,,,,,,Buffer B,6.0,,100.0,SALT_PROXY,Na+,1.0,1,Cl-,1.0,-1,,,,,,,SET_POINT,2.0,1.0,BUFFER_B_PERCENT,0.0,0.0,BUFFER_A,6.0,,5.0,BUFFER_A,6.0,,5.0,SET_POINT,1.0,1.0,BUFFER_B_PERCENT,0.0,0.0,BUFFER_A,6.0,,5.0,BUFFER_A,6.0,,5.0,SET_POINT,1.0,1.0,BUFFER_B_PERCENT,0.0,0.0,BUFFER_A,6.0,,5.0,BUFFER_A,6.0,,5.0,SET_POINT,1.0,1.0,BUFFER_B_PERCENT,0.0,0.0,BUFFER_A,6.0,,5.0,BUFFER_A,6.0,,5.0,SET_POINT,1.0,1.0,BUFFER_B_PERCENT,0.0,0.0,BUFFER_A,6.0,,5.0,BUFFER_A,6.0,,5.0,LINEAR,10.0,1.0,BUFFER_B_PERCENT,0.0,100.0,BUFFER_A,6.0,,5.0,BUFFER_B,6.0,,100.0,SET_POINT,1.0,1.0,BUFFER_B_PERCENT,0.0,0.0,BUFFER_A,6.0,,5.0,BUFFER_A,6.0,,5.0,SET_POINT,1.0,1.0,BUFFER_B_PERCENT,0.0,0.0,BUFFER_A,6.0,,5.0,BUFFER_A,6.0,,5.0,SET_POINT,1.0,1.0,BUFFER_B_PERCENT,0.0,0.0,BUFFER_A,6.0,,5.0,BUFFER_A,6.0,,5.0,SET_POINT,1.0,1.0,BUFFER_B_PERCENT,0.0,0.0,BUFFER_A,6.0,,5.0,BUFFER_A,6.0,,5.0
